age,annual_income,employment_years,credit_score,loan_amount,loan_term_months,existing_debt,num_credit_lines,loan_purpose,home_ownership,debt_to_income,default
60,63216.85,5.2,642,31595.33,48,4620.21,5,medical,MORTGAGE,0.573,0
52,,,607,7863.62,24,2285.27,6,debt_consolidation,MORTGAGE,0.154,0
54,77683.38,0.3,669,10804.1,24,6738.17,6,auto,OWN,0.226,0
52,83573.85,30.5,423,9677.01,36,7845.69,3,debt_consolidation,MORTGAGE,0.21,1
54,86082.35,4.2,678,24564.93,36,12448.36,2,debt_consolidation,MORTGAGE,0.43,0
46,60481.93,4.2,559,1124.09,12,5849.67,7,medical,MORTGAGE,0.115,1
56,42976.84,3.2,591,33241.22,36,7564.6,1,debt_consolidation,OWN,0.949,0
46,65813.93,0.6,614,5575.65,36,12410.93,10,debt_consolidation,OWN,0.273,0
34,38786.3,0.0,690,18212.73,24,138.78,5,debt_consolidation,RENT,0.473,0
32,85634.39,5.4,604,22388.31,12,3595.04,1,auto,MORTGAGE,0.303,1
53,43942.37,1.7,602,22595.74,24,7206.98,5,auto,OWN,0.678,0
22,40681.68,3.9,637,2422.64,60,9437.29,3,debt_consolidation,RENT,0.292,0
55,56622.94,14.9,538,21183.1,36,0.0,11,debt_consolidation,MORTGAGE,0.374,0
26,19281.78,1.1,552,14567.12,36,6900.55,3,home_improvement,MORTGAGE,1.113,1
44,49893.15,5.2,699,12667.87,60,1003.65,5,debt_consolidation,MORTGAGE,0.274,0
33,76268.73,5.2,627,14834.79,36,1971.64,2,auto,RENT,0.22,0
56,20248.46,7.3,745,7598.98,12,6093.78,5,small_business,RENT,0.676,0
45,29798.16,26.9,583,15817.12,48,3993.89,4,debt_consolidation,RENT,0.665,0
49,58984.56,4.6,674,17955.9,24,9144.38,3,debt_consolidation,RENT,0.459,0
57,15982.9,0.3,695,18143.03,36,507.35,1,debt_consolidation,MORTGAGE,1.167,0
22,46921.07,6.6,616,11406.46,60,12971.02,4,auto,MORTGAGE,0.52,0
49,35368.84,1.0,637,17963.03,48,10986.38,4,auto,RENT,0.819,0
27,50801.49,0.8,638,37872.07,24,4563.86,6,auto,MORTGAGE,0.835,1
59,19659.71,1.0,504,25347.44,48,10390.99,2,auto,MORTGAGE,1.818,1
55,48487.62,4.2,645,21062.73,48,0.0,1,medical,MORTGAGE,0.434,0
35,57651.0,0.9,682,17009.72,48,2632.93,7,auto,MORTGAGE,0.341,0
49,65563.21,8.8,685,20363.08,36,9431.6,4,medical,OWN,0.454,0
61,54009.41,8.3,766,13961.32,36,10093.6,5,medical,RENT,0.445,0
26,70612.11,1.7,791,23874.76,36,7591.86,4,medical,RENT,0.446,0
43,80875.85,20.3,543,21045.68,36,17308.63,4,auto,MORTGAGE,0.474,0
59,69506.37,,702,4673.93,24,7165.61,1,debt_consolidation,OWN,0.17,0
56,64944.73,0.9,735,7112.46,36,10682.98,0,debt_consolidation,RENT,0.274,0
55,42645.07,3.6,522,24474.92,60,0.0,6,education,MORTGAGE,0.574,1
52,97007.21,3.0,592,15416.18,48,0.0,3,medical,OWN,0.159,1
30,52944.45,22.5,744,18060.31,24,7831.89,4,debt_consolidation,OWN,0.489,0
35,75852.17,2.4,656,1000.0,36,12864.36,4,debt_consolidation,OWN,0.183,0
28,50055.6,1.8,663,13776.98,48,18270.56,1,small_business,RENT,0.64,0
45,35503.15,6.0,704,20060.15,12,9724.88,2,debt_consolidation,MORTGAGE,0.839,0
24,53173.26,0.9,710,22434.99,36,2675.51,2,home_improvement,RENT,0.472,0
35,65615.53,9.4,702,26675.24,24,0.0,2,debt_consolidation,RENT,0.407,0
51,51361.22,3.6,492,25713.03,48,6105.45,1,auto,OWN,0.62,1
29,43289.13,4.5,695,9245.35,12,3966.91,2,auto,MORTGAGE,0.305,0
35,78197.5,6.1,608,21450.35,48,3535.76,3,debt_consolidation,MORTGAGE,0.32,0
40,34964.52,2.3,644,13793.41,48,0.0,1,home_improvement,MORTGAGE,0.394,0
24,85105.28,1.5,701,8398.11,12,7511.69,2,debt_consolidation,MORTGAGE,0.187,0
61,68129.22,4.2,419,23019.63,24,17555.59,5,debt_consolidation,MORTGAGE,0.596,1
40,49756.56,0.4,617,8393.01,60,21694.05,3,education,MORTGAGE,0.605,0
29,36772.66,2.7,542,27049.0,36,14579.68,6,education,RENT,1.132,0
60,46052.09,6.1,703,3438.24,36,8913.92,5,debt_consolidation,MORTGAGE,0.268,0
26,21102.55,1.4,622,16122.36,24,10983.4,2,home_improvement,MORTGAGE,1.284,1
28,57466.31,2.1,681,24726.48,12,12918.61,5,debt_consolidation,MORTGAGE,0.655,1
26,35460.75,2.2,674,20107.62,48,18180.75,3,debt_consolidation,RENT,1.08,1
55,36217.8,6.6,675,32451.29,24,7385.12,3,education,RENT,1.1,0
43,12000.0,4.0,709,24868.89,48,3393.57,4,medical,RENT,2.355,0
40,86174.45,0.1,605,26301.9,24,7501.37,1,home_improvement,RENT,0.392,0
22,58888.61,1.9,629,13372.5,36,2570.29,5,home_improvement,MORTGAGE,0.271,0
45,75557.41,3.9,713,13934.26,36,5503.76,3,debt_consolidation,RENT,0.257,0
35,64914.42,4.6,667,2086.65,48,3361.4,7,medical,MORTGAGE,0.084,0
45,48514.86,9.3,494,39124.58,48,7458.65,4,small_business,OWN,0.96,1
62,86823.09,4.6,505,29419.9,48,12439.52,1,home_improvement,MORTGAGE,0.482,1
44,39865.38,0.3,519,24883.77,48,0.0,4,debt_consolidation,RENT,0.624,0
35,34155.17,0.0,663,23626.79,60,14977.27,6,medical,RENT,1.13,0
59,86085.88,1.0,655,11719.91,48,8296.38,6,auto,MORTGAGE,0.233,0
35,27868.09,0.2,678,14451.62,36,0.0,4,debt_consolidation,RENT,0.519,0
57,87604.49,6.4,741,26754.55,60,13223.21,3,home_improvement,RENT,0.456,0
35,95959.73,4.2,610,1393.92,36,6182.43,2,education,MORTGAGE,0.079,0
45,77979.31,1.0,731,17061.85,48,6236.27,5,debt_consolidation,RENT,0.299,0
38,60028.68,5.2,578,41876.96,48,5902.22,2,home_improvement,RENT,0.796,1
35,39952.89,4.0,590,15418.76,24,1914.71,6,debt_consolidation,RENT,0.434,0
54,53355.63,1.0,775,19058.98,36,5170.55,6,home_improvement,MORTGAGE,0.454,0
43,81879.61,15.2,682,20571.87,24,15858.88,4,small_business,RENT,0.445,0
52,45702.06,0.7,738,13812.2,12,13411.96,4,home_improvement,MORTGAGE,0.596,0
49,51697.71,1.0,690,31496.55,48,5737.92,5,home_improvement,MORTGAGE,0.72,0
29,39848.21,0.7,508,17882.29,24,6490.52,4,debt_consolidation,MORTGAGE,0.612,1
30,51899.59,0.9,694,14479.55,24,19760.05,2,auto,OWN,0.66,0
32,75086.0,0.8,623,23452.43,12,4349.24,1,debt_consolidation,RENT,0.37,1
46,99393.98,6.1,555,23445.74,36,2533.26,5,education,RENT,0.261,1
34,31282.63,7.2,620,26332.63,36,9375.91,10,small_business,OWN,1.141,1
28,41320.0,5.5,583,13429.64,36,9308.56,6,auto,RENT,0.55,0
26,59795.94,9.3,523,12663.13,36,7788.22,3,debt_consolidation,RENT,0.342,1
26,66507.74,2.9,660,19126.99,48,16338.76,4,debt_consolidation,RENT,0.533,0
52,,4.0,580,14921.39,48,12325.06,5,home_improvement,OWN,0.38,0
53,29259.61,5.0,624,29180.44,60,15359.96,7,auto,OWN,1.522,0
58,89718.35,3.8,567,26917.67,12,16792.58,2,debt_consolidation,MORTGAGE,0.487,0
28,43235.87,2.5,562,16469.57,12,10983.32,4,education,RENT,0.635,1
64,66461.3,4.4,704,17917.6,48,8754.86,5,auto,RENT,0.401,0
25,40113.24,8.7,711,13559.62,24,13922.45,5,medical,OWN,0.685,0
54,61945.96,2.9,617,15218.16,60,7922.98,3,education,RENT,0.374,0
37,59661.33,0.7,526,19558.1,36,12818.36,5,education,MORTGAGE,0.543,1
30,88576.1,0.4,648,15510.03,36,2949.36,3,auto,RENT,0.208,0
48,30831.88,3.2,713,7914.07,36,3029.5,3,debt_consolidation,OWN,0.355,0
50,72449.73,0.8,718,16138.28,36,11051.9,5,small_business,OWN,0.375,0
55,49489.7,20.2,723,12011.24,48,4861.76,5,auto,MORTGAGE,0.341,0
59,77514.48,5.7,600,22100.73,24,7419.01,3,medical,RENT,0.381,0
39,54118.05,2.3,752,15176.19,60,418.2,4,medical,MORTGAGE,0.288,0
61,109227.31,0.5,568,7505.96,36,8762.26,2,home_improvement,MORTGAGE,0.149,0
30,37214.76,8.0,556,1000.0,24,20958.45,3,auto,MORTGAGE,0.59,0
33,44678.72,4.3,551,1000.0,60,16145.53,2,home_improvement,RENT,0.384,0
25,,7.9,699,24542.6,36,9956.95,4,small_business,RENT,0.715,0
53,,12.8,475,24955.68,36,9833.14,3,small_business,RENT,0.507,0
27,33346.01,0.8,567,10542.34,36,13732.36,3,debt_consolidation,OWN,0.728,1
49,36513.81,6.5,691,12316.82,36,1543.96,6,medical,MORTGAGE,0.38,0
22,65989.59,1.1,719,10246.07,24,8619.45,1,auto,RENT,0.286,0
49,26708.99,8.0,713,15403.22,36,11330.84,4,home_improvement,RENT,1.001,0
52,61451.92,5.7,614,8941.33,24,8761.81,4,home_improvement,MORTGAGE,0.288,0
62,35979.55,3.6,663,17864.39,48,14864.95,4,debt_consolidation,OWN,0.91,0
24,65383.15,0.1,529,17612.35,48,10534.43,1,auto,OWN,0.43,1
35,21429.55,3.4,733,12702.68,60,1295.27,4,debt_consolidation,MORTGAGE,0.653,0
60,87010.47,10.9,673,15464.21,48,12744.46,3,auto,RENT,0.324,0
43,29758.92,8.9,689,26454.82,24,6365.72,3,small_business,MORTGAGE,1.103,0
54,60545.33,3.6,710,10217.66,24,9967.24,9,home_improvement,RENT,0.333,0
30,78802.73,0.2,638,13131.74,12,9419.41,2,small_business,MORTGAGE,0.286,0
29,49067.88,13.1,568,9461.83,24,13077.49,1,auto,OWN,0.459,0
54,53994.59,1.6,569,1000.0,36,4883.95,4,small_business,RENT,0.109,0
21,72143.15,15.7,692,19438.53,36,3566.29,5,education,MORTGAGE,0.319,0
64,54258.9,1.6,670,20936.87,48,2246.62,3,home_improvement,MORTGAGE,0.427,0
27,75943.13,0.9,785,1000.0,24,14844.75,3,debt_consolidation,MORTGAGE,0.209,0
56,50231.8,6.6,638,15680.64,36,14656.28,3,auto,MORTGAGE,0.604,0
46,103713.53,4.9,594,10958.97,24,10306.21,5,small_business,MORTGAGE,0.205,0
31,55910.34,3.4,670,25206.0,48,6579.43,5,small_business,MORTGAGE,0.569,0
37,13513.13,1.6,681,18363.97,48,15825.53,4,debt_consolidation,MORTGAGE,2.53,1
57,15687.19,12.3,520,10808.67,60,7456.48,2,medical,MORTGAGE,1.164,1
39,64277.06,3.5,535,12932.38,12,0.0,3,debt_consolidation,MORTGAGE,0.201,1
27,35983.4,,567,22199.2,12,10757.05,2,auto,MORTGAGE,0.916,0
45,60564.61,0.7,529,14375.59,36,7601.8,8,debt_consolidation,RENT,0.363,1
28,50944.15,0.3,546,6409.06,48,12471.51,4,debt_consolidation,MORTGAGE,0.371,0
40,40398.15,3.8,641,22513.46,24,0.0,6,auto,OWN,0.557,0
22,12000.0,9.7,727,5004.71,24,6996.51,6,education,OWN,1.0,0
56,45611.34,6.6,495,22452.09,24,8799.44,5,medical,RENT,0.685,1
44,28401.24,1.7,709,18512.51,12,2015.74,5,auto,MORTGAGE,0.723,0
42,12000.0,5.9,670,26247.82,24,2764.74,7,debt_consolidation,RENT,2.418,0
39,89156.36,0.8,678,29949.85,12,16934.55,6,small_business,OWN,0.526,0
32,70290.46,1.0,510,14098.93,36,13828.34,3,education,MORTGAGE,0.397,1
30,71696.65,5.4,596,1000.0,36,9348.45,5,small_business,MORTGAGE,0.144,0
21,102110.43,3.0,697,25784.48,48,7511.04,1,debt_consolidation,RENT,0.326,0
38,77121.77,6.6,661,20098.61,36,0.0,12,education,RENT,0.261,0
50,45006.63,11.3,636,11567.36,24,7772.6,6,debt_consolidation,RENT,0.43,0
48,42473.56,1.9,791,10816.59,36,13567.21,3,small_business,RENT,0.574,0
63,59250.56,2.3,640,17706.74,12,7455.08,4,debt_consolidation,MORTGAGE,0.425,0
48,44295.24,3.3,514,21195.48,24,7394.93,7,debt_consolidation,RENT,0.645,1
46,32032.6,16.5,558,18530.08,36,6543.19,5,debt_consolidation,OWN,0.783,0
21,114750.82,3.6,686,10094.82,36,9928.75,4,debt_consolidation,MORTGAGE,0.174,0
21,72118.4,5.5,517,6745.18,60,7134.02,4,home_improvement,RENT,0.192,1
43,78141.69,8.6,523,37800.05,24,0.0,2,small_business,MORTGAGE,0.484,1
53,56504.15,0.3,618,26692.59,24,14125.88,4,auto,MORTGAGE,0.722,1
51,95484.78,27.3,544,2352.46,36,0.0,2,medical,MORTGAGE,0.025,0
37,29951.52,4.0,492,10588.39,36,18818.23,1,home_improvement,RENT,0.982,1
50,80767.41,,711,1000.0,36,23395.05,2,home_improvement,MORTGAGE,0.302,0
26,51165.1,5.1,721,32145.21,12,19059.9,5,small_business,MORTGAGE,1.001,0
45,42384.37,2.7,698,26226.47,36,0.0,6,small_business,OWN,0.619,0
43,63710.58,3.1,676,5910.41,24,5597.08,6,education,RENT,0.181,0
34,12000.0,9.1,637,21335.69,36,11713.31,3,home_improvement,RENT,2.754,0
59,46634.69,1.0,603,11233.18,36,8247.28,2,debt_consolidation,RENT,0.418,0
57,98597.22,7.1,696,1150.82,36,4817.55,3,medical,OWN,0.061,0
55,72137.55,6.3,512,14019.04,36,0.0,6,debt_consolidation,RENT,0.194,0
46,17208.53,11.2,662,23228.34,48,0.0,4,debt_consolidation,MORTGAGE,1.35,0
61,54398.7,5.6,602,13116.62,36,7273.81,4,education,RENT,0.375,0
56,81169.33,30.3,703,31578.0,48,17314.69,4,debt_consolidation,RENT,0.602,0
56,21548.09,0.1,647,17248.99,48,10417.62,1,debt_consolidation,OWN,1.284,0
41,60300.35,1.8,658,20850.8,36,3822.81,0,medical,MORTGAGE,0.409,0
58,20350.45,4.0,686,7813.14,24,0.0,6,auto,RENT,0.384,0
52,74034.37,5.4,690,6017.06,36,14610.44,6,debt_consolidation,RENT,0.279,0
50,80272.14,2.8,625,17865.36,36,5667.14,5,medical,RENT,0.293,0
62,45182.66,1.4,570,16896.17,24,16505.37,2,debt_consolidation,MORTGAGE,0.739,1
64,59890.22,9.5,584,19018.04,24,1212.43,4,auto,MORTGAGE,0.338,0
57,35847.4,24.5,634,16840.64,24,12443.12,4,small_business,RENT,0.817,0
47,39233.92,5.5,727,26702.24,48,13292.45,3,auto,RENT,1.019,0
37,61963.89,2.0,530,29796.87,36,12825.43,3,education,RENT,0.688,1
23,32822.78,8.3,553,10546.54,12,14872.8,1,auto,MORTGAGE,0.774,0
43,55834.91,29.0,691,24174.09,12,2169.7,5,debt_consolidation,RENT,0.472,0
26,23961.86,0.2,706,32975.52,24,11650.88,4,home_improvement,OWN,1.862,0
23,54457.54,4.5,595,4581.31,12,0.0,5,education,OWN,0.084,1
41,64298.41,0.3,621,6157.61,36,10281.44,5,debt_consolidation,OWN,0.256,0
53,,2.5,716,19837.65,12,13823.28,1,debt_consolidation,OWN,0.751,0
50,49461.92,2.4,736,8820.07,36,7760.3,1,auto,MORTGAGE,0.335,0
37,69106.11,3.6,662,3167.04,60,8478.5,4,small_business,RENT,0.169,1
22,67959.25,4.0,725,18175.5,36,7241.8,5,home_improvement,RENT,0.374,0
30,51571.93,15.3,707,15111.29,12,12568.09,7,education,MORTGAGE,0.537,0
48,46705.03,3.9,771,11792.43,12,7761.01,2,auto,RENT,0.419,0
45,55127.83,11.1,625,20820.02,48,13304.75,4,small_business,RENT,0.619,0
42,,8.6,647,13325.93,36,19113.75,7,education,MORTGAGE,0.506,0
46,41711.73,24.5,555,19745.58,24,5135.05,1,education,RENT,0.596,0
35,56918.1,8.9,613,7911.89,48,11524.36,4,debt_consolidation,MORTGAGE,0.341,0
49,40488.75,9.1,673,21512.24,48,9759.9,4,small_business,RENT,0.772,0
44,46847.01,2.3,523,1000.0,48,2399.37,1,small_business,RENT,0.073,0
64,55067.85,4.9,548,28227.13,48,0.0,3,education,MORTGAGE,0.513,1
53,59556.06,0.1,613,12139.89,12,7529.97,2,home_improvement,MORTGAGE,0.33,0
21,62393.57,4.4,682,12143.86,48,4469.86,5,home_improvement,MORTGAGE,0.266,0
55,81952.91,13.4,680,7686.82,60,9983.17,4,education,MORTGAGE,0.216,0
26,51029.22,0.6,693,28704.4,24,13998.13,6,debt_consolidation,MORTGAGE,0.837,0
26,31781.49,1.5,777,7255.43,36,4450.9,5,debt_consolidation,MORTGAGE,0.368,0
53,49242.49,3.0,587,10780.37,24,375.39,2,small_business,RENT,0.227,0
52,60201.19,9.2,505,2491.22,48,14951.26,3,auto,MORTGAGE,0.29,1
50,55120.84,2.9,607,10801.01,60,10263.38,6,small_business,MORTGAGE,0.382,0
39,47107.15,11.4,591,19952.4,12,10335.54,2,small_business,RENT,0.643,0
45,12000.0,1.7,814,6399.26,24,11874.43,4,small_business,RENT,1.523,0
35,,15.3,620,12694.57,36,2619.29,3,debt_consolidation,MORTGAGE,0.559,0
27,62976.56,0.7,582,22890.19,48,0.0,2,small_business,MORTGAGE,0.363,0
25,70452.94,1.6,665,8562.76,36,7885.04,6,debt_consolidation,OWN,0.233,0
43,69804.75,2.0,680,21357.34,36,2436.16,4,debt_consolidation,MORTGAGE,0.341,0
40,55151.1,3.6,609,12418.75,12,6792.71,0,home_improvement,RENT,0.348,0
22,62576.45,9.5,754,1000.0,12,10483.98,6,home_improvement,MORTGAGE,0.184,0
23,86535.29,1.1,607,22041.35,48,3896.47,1,debt_consolidation,MORTGAGE,0.3,0
56,53091.37,3.1,606,12757.75,36,0.0,4,auto,MORTGAGE,0.24,0
55,69965.84,2.6,484,15870.7,60,0.0,5,auto,RENT,0.227,1
24,67812.71,5.5,662,37148.97,36,3909.56,2,medical,OWN,0.605,0
46,62451.85,8.7,618,19105.09,36,9336.81,2,home_improvement,MORTGAGE,0.455,0
40,76041.69,1.3,702,30563.61,48,0.0,3,education,RENT,0.402,0
40,36269.85,0.1,421,12717.93,12,0.0,1,debt_consolidation,RENT,0.351,1
53,55666.86,8.8,665,19745.79,24,11579.43,3,debt_consolidation,RENT,0.563,0
37,78155.64,12.2,754,18337.47,12,0.0,2,medical,RENT,0.235,0
51,56538.44,16.1,629,20165.79,60,7025.89,5,home_improvement,RENT,0.481,0
51,68925.16,4.3,850,22085.46,36,21089.41,6,debt_consolidation,MORTGAGE,0.626,0
31,,,806,13126.81,36,16824.57,1,debt_consolidation,MORTGAGE,0.444,0
64,63845.94,1.3,598,17812.68,36,4823.93,8,medical,MORTGAGE,0.355,0
61,74386.03,4.4,775,20508.74,48,10288.11,2,education,MORTGAGE,0.414,0
49,43208.9,7.3,745,9920.51,24,10419.63,2,home_improvement,MORTGAGE,0.471,0
23,30575.09,2.4,497,17186.61,24,10775.12,5,small_business,RENT,0.915,1
46,51007.48,1.6,560,19109.4,24,2107.0,2,debt_consolidation,MORTGAGE,0.416,1
60,51739.1,1.0,612,6681.91,24,8223.19,3,debt_consolidation,OWN,0.288,0
56,46810.01,36.7,510,10307.97,12,2992.52,6,debt_consolidation,MORTGAGE,0.284,0
23,42934.33,7.5,649,6940.09,24,12597.07,3,education,MORTGAGE,0.455,0
33,76086.48,0.3,550,6186.13,36,6873.25,4,auto,RENT,0.172,0
57,33169.11,4.4,597,16892.22,36,0.0,5,auto,RENT,0.509,0
24,59758.97,1.5,652,21831.29,48,5993.74,3,debt_consolidation,OWN,0.466,0
46,54703.62,1.1,600,23314.79,60,1206.33,4,education,MORTGAGE,0.448,1
52,29161.65,14.6,745,6159.54,60,7644.64,6,medical,RENT,0.473,0
22,61267.11,2.0,807,25443.62,12,20622.57,5,small_business,RENT,0.752,0
51,43677.89,11.6,596,8724.45,36,2042.47,6,auto,RENT,0.247,0
64,45425.11,1.9,629,13597.61,24,0.0,7,education,RENT,0.299,0
60,32489.7,4.1,775,1000.0,36,14314.7,2,debt_consolidation,OWN,0.471,0
42,29658.9,2.1,642,14476.76,60,1370.78,5,medical,MORTGAGE,0.534,0
53,43770.41,2.7,765,10990.03,60,9001.19,6,debt_consolidation,RENT,0.457,0
54,52258.41,0.4,596,7783.24,12,0.0,8,debt_consolidation,RENT,0.149,0
25,39749.89,12.3,559,8738.53,48,12467.18,1,debt_consolidation,RENT,0.533,0
58,67860.6,13.3,623,1000.0,12,8530.15,6,auto,MORTGAGE,0.14,0
51,39581.7,5.6,796,23936.61,36,3689.88,7,auto,RENT,0.698,0
48,75331.56,1.2,534,16436.95,24,6728.31,4,auto,MORTGAGE,0.308,1
60,,8.6,559,2942.23,24,7887.76,4,home_improvement,RENT,0.181,0
37,50473.09,0.6,566,6015.36,36,11004.49,5,small_business,OWN,0.337,1
54,32146.36,0.4,703,8238.7,48,13497.62,3,home_improvement,RENT,0.676,0
37,72105.69,0.7,758,36835.74,24,0.0,6,auto,MORTGAGE,0.511,0
61,50238.05,3.3,707,25317.29,24,12019.66,4,debt_consolidation,MORTGAGE,0.743,0
53,25507.83,1.8,636,25019.45,12,11333.31,2,home_improvement,OWN,1.425,1
52,55345.11,1.7,721,20149.13,24,7941.62,6,education,RENT,0.508,0
35,47308.47,0.7,682,28188.19,48,16325.79,4,auto,RENT,0.941,0
25,66817.93,3.5,460,8934.47,48,9204.16,4,debt_consolidation,RENT,0.271,1
42,77815.04,1.7,533,13022.74,12,836.27,1,medical,RENT,0.178,1
50,50189.6,0.2,729,26638.6,36,5353.25,6,medical,MORTGAGE,0.637,0
39,93482.93,1.9,744,6824.6,60,11020.6,3,home_improvement,MORTGAGE,0.191,0
56,71838.58,3.6,604,13076.91,24,5657.15,5,debt_consolidation,RENT,0.261,0
28,35969.14,0.0,617,20602.78,36,3361.77,4,debt_consolidation,MORTGAGE,0.666,0
52,56828.69,10.4,684,28191.46,36,0.0,2,education,RENT,0.496,0
24,62302.74,5.7,535,12971.44,12,10057.74,4,debt_consolidation,RENT,0.37,1
43,79939.72,4.6,549,10395.73,48,0.0,3,debt_consolidation,MORTGAGE,0.13,1
24,49214.47,1.9,658,12935.62,36,10776.72,5,debt_consolidation,OWN,0.482,0
64,70289.95,0.5,637,10016.62,36,0.0,3,debt_consolidation,MORTGAGE,0.143,0
36,12000.0,0.3,670,2658.17,36,19985.0,4,home_improvement,RENT,1.887,0
23,37414.33,4.9,594,30939.19,60,1822.85,4,debt_consolidation,RENT,0.876,1
28,26883.5,8.2,660,24306.99,12,7621.86,0,debt_consolidation,RENT,1.188,0
56,57354.93,10.3,623,7634.96,24,12880.23,3,education,MORTGAGE,0.358,0
46,52046.1,4.8,654,24635.22,24,0.0,1,debt_consolidation,MORTGAGE,0.473,0
49,41307.68,15.0,629,15967.37,36,14730.96,5,debt_consolidation,MORTGAGE,0.743,0
55,42166.12,4.4,850,16004.4,36,3661.91,3,debt_consolidation,MORTGAGE,0.466,0
30,45109.33,8.9,702,23380.04,48,5803.45,7,home_improvement,OWN,0.647,0
50,108125.4,2.6,509,15048.33,36,15509.17,3,debt_consolidation,RENT,0.283,1
50,75695.32,5.6,604,16830.18,24,6878.19,2,auto,RENT,0.313,0
45,24807.76,21.9,521,18623.8,12,1660.51,6,debt_consolidation,MORTGAGE,0.818,0
38,81234.92,11.1,664,22091.38,48,0.0,3,home_improvement,OWN,0.272,0
54,51686.67,0.6,491,20350.74,24,6929.75,4,medical,MORTGAGE,0.528,1
29,62457.86,18.0,629,13275.99,12,11143.71,1,small_business,MORTGAGE,0.391,0
58,85269.06,9.8,715,19323.02,36,10888.66,6,auto,MORTGAGE,0.354,0
63,40760.71,23.9,670,9254.29,12,7073.82,5,home_improvement,RENT,0.401,0
37,42599.72,10.3,659,5298.85,48,18986.88,4,home_improvement,RENT,0.57,0
38,67453.89,12.4,614,26013.52,36,4246.91,4,home_improvement,OWN,0.449,0
52,74788.23,10.4,641,1000.0,60,0.0,3,debt_consolidation,MORTGAGE,0.013,0
57,27822.44,7.3,681,8233.1,36,14567.9,1,medical,RENT,0.82,0
64,48570.39,0.5,559,13263.41,12,6168.22,2,small_business,MORTGAGE,0.4,1
48,70004.76,0.3,616,20506.08,60,18520.43,4,auto,RENT,0.557,0
34,28281.9,2.8,611,13884.06,36,5966.19,5,medical,RENT,0.702,0
49,72952.15,1.5,743,13401.36,24,8890.7,4,auto,MORTGAGE,0.306,0
64,81370.11,0.2,714,3618.73,48,0.0,4,auto,MORTGAGE,0.044,0
46,38204.51,2.2,770,1000.0,12,3672.18,5,auto,RENT,0.122,0
57,54691.57,1.0,613,15821.71,48,12391.78,4,debt_consolidation,RENT,0.516,0
61,68718.07,5.6,722,26272.46,36,9472.6,2,small_business,MORTGAGE,0.52,0
57,59525.1,0.8,551,16577.21,36,3397.57,4,medical,MORTGAGE,0.336,0
26,33043.34,5.0,619,14617.64,48,7894.78,4,auto,RENT,0.681,0
32,70430.21,16.8,534,24013.77,12,12254.82,4,education,OWN,0.515,1
25,47041.21,7.6,595,1217.93,24,12343.47,3,small_business,MORTGAGE,0.288,0
30,33434.25,6.0,718,1000.0,60,645.07,5,small_business,RENT,0.049,0
54,44808.08,13.9,650,1000.0,60,12548.87,1,home_improvement,MORTGAGE,0.302,0
32,39363.28,0.9,587,11492.87,48,11724.27,2,small_business,MORTGAGE,0.59,1
28,65302.94,20.7,568,18959.56,24,16120.13,0,auto,RENT,0.537,0
36,70221.39,0.8,661,18547.16,36,12446.6,5,education,MORTGAGE,0.441,0
49,36605.65,0.5,607,19674.12,48,12810.92,4,education,RENT,0.887,1
31,12911.66,3.3,543,1000.0,24,0.0,1,small_business,MORTGAGE,0.077,0
26,34263.56,4.3,590,22765.89,24,0.0,8,auto,RENT,0.664,0
28,50172.24,12.5,585,4897.07,24,5759.28,2,medical,RENT,0.212,0
64,79774.57,10.9,812,19357.99,36,10684.07,1,medical,RENT,0.377,0
43,67330.59,14.3,722,5959.42,24,4407.56,6,auto,OWN,0.154,0
32,50583.52,2.4,550,5985.4,24,19816.67,5,home_improvement,MORTGAGE,0.51,1
48,65156.66,6.3,550,20610.67,36,10900.66,9,debt_consolidation,RENT,0.484,0
48,48646.5,3.1,800,23225.46,36,18547.44,8,debt_consolidation,MORTGAGE,0.859,0
32,91614.98,0.3,583,14740.35,36,9996.92,4,small_business,OWN,0.27,1
60,87058.31,7.7,614,20006.78,12,0.0,2,medical,MORTGAGE,0.23,0
56,32381.88,3.8,763,24859.05,48,13128.73,6,debt_consolidation,OWN,1.173,0
32,79549.85,1.0,511,13811.97,36,6577.14,6,debt_consolidation,MORTGAGE,0.256,1
24,77844.31,1.5,698,1000.0,24,0.0,5,home_improvement,OWN,0.013,0
29,57394.6,1.5,635,21430.78,48,13630.57,6,small_business,OWN,0.611,0
59,35848.62,0.2,674,26113.91,24,17334.27,9,medical,OWN,1.212,0
21,32945.62,2.9,709,16341.36,24,12728.42,2,auto,RENT,0.882,0
25,58455.2,4.9,595,2386.23,24,6658.93,4,auto,OWN,0.155,0
51,66262.33,10.6,666,22346.0,36,12210.23,3,home_improvement,MORTGAGE,0.522,1
53,57387.94,11.1,778,14205.74,36,9221.06,5,education,RENT,0.408,0
22,82143.98,4.4,625,10742.84,36,5734.42,6,debt_consolidation,RENT,0.201,0
58,81293.06,7.0,581,9448.51,36,16152.25,3,small_business,OWN,0.315,0
56,56055.15,12.8,577,22172.69,36,1341.68,3,small_business,MORTGAGE,0.419,0
48,34052.07,12.9,520,14385.34,48,647.9,5,medical,MORTGAGE,0.441,1
53,53110.35,1.6,633,15693.13,60,6816.5,2,medical,RENT,0.424,0
56,50371.86,4.0,654,12887.11,24,10362.85,7,debt_consolidation,MORTGAGE,0.462,0
62,42510.47,0.3,703,29874.75,48,14089.37,2,debt_consolidation,RENT,1.034,0
43,57211.44,0.6,680,1000.0,60,16253.31,4,debt_consolidation,MORTGAGE,0.302,0
56,57589.87,3.4,446,30301.21,48,5002.5,3,debt_consolidation,RENT,0.613,1
34,60918.53,7.2,666,12302.65,48,332.3,5,medical,RENT,0.207,0
36,43426.28,0.5,696,20220.66,36,6034.29,5,auto,RENT,0.605,0
54,23921.29,4.9,637,18607.41,24,15850.85,5,debt_consolidation,MORTGAGE,1.44,0
21,55347.77,11.1,497,23023.69,36,0.0,6,debt_consolidation,MORTGAGE,0.416,1
40,33418.28,5.0,792,31080.8,24,12153.41,3,small_business,MORTGAGE,1.294,0
35,12801.81,1.0,722,18934.02,48,6854.09,4,small_business,MORTGAGE,2.014,0
31,14124.18,5.7,546,11920.68,48,9259.88,6,medical,MORTGAGE,1.5,1
55,,2.9,500,11660.49,36,88.0,8,education,OWN,0.181,1
22,39974.17,5.1,680,16754.37,24,10732.35,7,debt_consolidation,MORTGAGE,0.688,0
23,46497.51,1.1,657,8079.53,48,15589.78,2,home_improvement,RENT,0.509,1
51,19254.44,8.6,775,1000.0,24,629.91,5,debt_consolidation,RENT,0.085,0
47,70919.43,1.9,595,13432.73,24,6367.43,4,education,OWN,0.279,0
46,,4.1,658,12894.02,60,7717.74,2,home_improvement,RENT,0.614,0
38,64349.25,3.3,640,9867.72,24,12675.8,5,education,MORTGAGE,0.35,0
35,13534.7,,610,22574.46,24,0.0,4,debt_consolidation,RENT,1.668,1
42,81013.98,2.2,628,1269.44,36,4910.41,6,education,RENT,0.076,0
54,62150.31,5.8,669,23983.05,36,11133.09,5,debt_consolidation,RENT,0.565,0
40,42396.81,4.7,500,3625.07,48,10215.8,1,home_improvement,MORTGAGE,0.326,1
34,85743.12,5.8,622,17161.03,24,18548.42,3,home_improvement,RENT,0.416,0
39,80471.93,0.6,573,9659.21,36,6690.98,9,small_business,MORTGAGE,0.203,1
25,67393.6,1.5,752,10892.37,36,19940.18,5,medical,MORTGAGE,0.457,0
40,34636.34,0.8,727,11558.92,48,14764.73,4,debt_consolidation,MORTGAGE,0.76,0
45,65657.83,2.7,487,13371.13,60,9076.69,3,small_business,RENT,0.342,1
53,24190.77,0.1,641,14768.55,36,4462.28,5,home_improvement,RENT,0.795,0
62,58704.69,1.4,639,3015.44,60,0.0,4,debt_consolidation,RENT,0.051,0
63,38564.28,8.0,701,10343.73,36,15244.95,2,home_improvement,OWN,0.664,0
45,50305.37,7.5,736,23086.95,60,11622.35,1,small_business,MORTGAGE,0.69,0
48,75327.35,,694,25253.44,36,8973.35,1,small_business,OWN,0.454,0
52,24185.17,19.0,614,27953.64,36,16056.26,2,home_improvement,MORTGAGE,1.82,0
52,23103.16,0.2,632,11503.36,36,4340.28,5,small_business,RENT,0.686,0
32,32682.78,5.4,751,12557.35,60,7877.44,5,auto,RENT,0.625,0
22,72620.61,3.6,653,27078.2,48,8988.66,9,small_business,RENT,0.497,0
33,37632.2,15.9,588,13814.18,60,7575.63,5,medical,MORTGAGE,0.568,0
59,35365.97,0.5,703,21264.59,36,7959.58,2,small_business,RENT,0.826,0
26,81535.37,0.2,644,6434.3,36,18606.54,1,home_improvement,MORTGAGE,0.307,0
25,90780.37,5.5,523,11019.94,12,14332.23,2,debt_consolidation,MORTGAGE,0.279,0
37,52753.17,3.6,683,6298.07,24,4449.06,4,small_business,MORTGAGE,0.204,0
59,76578.78,1.4,700,13181.09,24,12760.37,7,auto,MORTGAGE,0.339,0
24,43843.63,3.9,644,21600.13,24,2627.69,4,medical,RENT,0.553,0
38,94583.97,0.7,632,17369.21,48,10031.5,1,debt_consolidation,MORTGAGE,0.29,1
45,22683.68,8.4,788,16133.65,60,9242.58,7,auto,RENT,1.119,0
28,68445.16,5.7,653,19627.31,60,12536.29,5,medical,RENT,0.47,0
49,44471.52,3.3,702,13941.61,36,11163.74,6,auto,OWN,0.565,0
31,41520.72,12.1,640,27609.94,48,9244.52,3,auto,OWN,0.888,0
37,25777.07,2.6,706,28426.04,36,4934.85,1,debt_consolidation,OWN,1.294,0
28,59229.16,18.9,619,10247.45,36,7731.59,3,debt_consolidation,MORTGAGE,0.304,0
24,95022.91,1.6,517,17693.13,60,0.0,6,home_improvement,RENT,0.186,1
26,74578.16,0.8,647,11727.94,36,5629.87,6,debt_consolidation,RENT,0.233,0
55,94850.25,13.7,668,13074.93,48,8093.47,2,auto,RENT,0.223,0
27,,2.0,796,5856.36,24,16539.75,4,auto,MORTGAGE,0.26,0
42,57555.81,1.9,536,19031.38,48,0.0,5,home_improvement,OWN,0.331,1
45,69959.41,8.7,744,13926.98,24,1699.38,4,debt_consolidation,RENT,0.223,0
43,,3.5,740,14703.09,24,16501.84,2,debt_consolidation,OWN,0.679,0
33,55083.67,3.7,753,21783.25,24,19962.21,5,debt_consolidation,MORTGAGE,0.758,0
52,38322.12,1.7,822,10741.91,36,0.0,6,debt_consolidation,MORTGAGE,0.28,0
26,66816.0,4.5,639,21780.46,36,9601.98,5,auto,OWN,0.47,0
45,,1.6,536,9387.97,60,1069.46,2,debt_consolidation,RENT,0.189,0
36,33129.66,4.8,681,10533.5,24,11636.91,4,home_improvement,RENT,0.669,0
53,45524.28,5.0,690,8995.15,12,9205.04,6,auto,OWN,0.4,0
48,64992.03,12.2,635,17745.0,60,6079.53,5,small_business,MORTGAGE,0.367,0
45,43216.51,0.5,734,25654.37,24,6543.63,4,debt_consolidation,RENT,0.745,0
62,26742.53,17.0,716,17315.14,24,6639.93,5,debt_consolidation,MORTGAGE,0.896,0
64,58075.09,2.8,730,28281.59,12,10930.19,5,debt_consolidation,MORTGAGE,0.675,0
57,51591.66,8.4,528,12683.32,24,674.91,7,home_improvement,RENT,0.259,0
37,75531.11,7.3,696,14708.83,24,6622.64,4,debt_consolidation,MORTGAGE,0.282,0
46,37287.6,0.2,774,17637.46,24,7880.67,3,debt_consolidation,RENT,0.684,0
24,52663.13,2.6,561,1000.0,60,0.0,5,debt_consolidation,OWN,0.019,1
64,40714.71,8.3,596,17510.21,24,14373.15,2,debt_consolidation,MORTGAGE,0.783,0
63,39145.93,1.9,728,21138.7,36,5834.48,3,education,RENT,0.689,0
41,21422.04,0.3,673,21490.08,36,11548.09,4,education,MORTGAGE,1.542,0
52,30108.03,6.5,630,15051.17,12,17859.63,2,education,MORTGAGE,1.093,0
25,71768.36,3.9,630,22257.14,36,6814.43,7,debt_consolidation,MORTGAGE,0.405,0
55,61659.08,3.1,513,9420.4,24,4230.01,7,debt_consolidation,MORTGAGE,0.221,1
26,66637.07,24.2,540,26599.92,24,17743.66,4,education,RENT,0.665,1
29,53837.78,4.3,644,17255.69,36,25075.26,0,medical,RENT,0.786,0
52,66118.89,13.8,687,7996.37,36,4520.38,2,debt_consolidation,OWN,0.189,0
42,23142.76,15.6,619,17146.19,12,16740.74,2,medical,MORTGAGE,1.464,0
38,33267.73,5.9,814,3329.41,48,16546.7,3,home_improvement,RENT,0.597,0
56,58733.26,0.3,711,17288.84,36,6514.15,1,auto,RENT,0.405,0
49,16740.56,3.7,584,17572.85,24,2340.54,0,home_improvement,MORTGAGE,1.19,1
43,26462.29,6.3,680,6565.64,24,0.0,3,auto,RENT,0.248,0
59,83887.51,4.7,616,12281.72,36,0.0,4,debt_consolidation,RENT,0.146,0
36,55663.55,14.6,521,14844.54,12,5249.87,4,auto,MORTGAGE,0.361,0
46,21114.55,2.9,574,24436.36,24,5612.05,2,home_improvement,RENT,1.423,1
61,66882.48,5.0,585,17076.28,48,8009.26,4,debt_consolidation,MORTGAGE,0.375,0
46,,3.5,644,27783.42,36,17710.27,3,debt_consolidation,MORTGAGE,0.711,0
45,72007.83,10.1,652,17589.28,24,8335.47,2,debt_consolidation,OWN,0.36,0
54,69410.89,4.2,618,28019.68,24,11042.99,4,small_business,RENT,0.563,0
31,48322.21,2.2,694,15571.86,12,8727.56,3,debt_consolidation,MORTGAGE,0.503,0
57,12000.0,3.9,559,17435.38,12,16253.54,2,debt_consolidation,MORTGAGE,2.807,1
63,70577.96,12.5,610,7154.03,60,3521.38,4,auto,OWN,0.151,0
50,58324.43,5.1,637,28035.71,60,465.1,4,home_improvement,MORTGAGE,0.489,0
60,39597.45,0.2,600,8684.25,24,9688.24,4,auto,MORTGAGE,0.464,0
53,60756.59,16.1,583,5029.32,48,8149.82,3,home_improvement,RENT,0.217,0
63,44166.19,1.0,603,15558.46,24,6915.67,5,debt_consolidation,MORTGAGE,0.509,0
64,43424.43,9.0,503,2256.78,48,0.0,2,education,MORTGAGE,0.052,0
30,57277.97,10.6,651,32833.72,24,397.66,4,medical,RENT,0.58,1
45,78179.47,3.0,744,31179.6,36,0.0,1,medical,MORTGAGE,0.399,0
56,79454.73,6.3,670,21212.3,12,12516.25,7,auto,MORTGAGE,0.425,0
48,69756.3,5.2,690,12546.06,12,13887.3,5,home_improvement,MORTGAGE,0.379,0
34,54083.02,3.7,589,10206.3,48,6120.07,6,debt_consolidation,MORTGAGE,0.302,1
42,92298.55,1.7,789,24860.27,48,0.0,4,education,MORTGAGE,0.269,0
51,50119.06,1.2,802,2502.4,36,7640.6,1,home_improvement,MORTGAGE,0.202,0
58,54636.21,2.9,542,1000.0,60,13821.29,9,debt_consolidation,RENT,0.271,0
52,83321.14,3.6,457,10343.88,60,5833.88,5,debt_consolidation,MORTGAGE,0.194,1
64,12000.0,17.1,556,10957.81,60,13116.84,3,debt_consolidation,RENT,2.006,0
37,41955.62,1.5,591,6804.22,60,6645.36,0,medical,OWN,0.321,1
42,17437.54,19.0,679,12690.11,36,0.0,6,debt_consolidation,MORTGAGE,0.728,0
44,75957.16,20.2,600,1000.0,48,11058.0,6,education,OWN,0.159,0
29,51343.13,5.0,665,33840.56,48,7932.8,7,home_improvement,RENT,0.814,0
36,36761.63,2.6,570,5726.35,36,19413.7,3,debt_consolidation,RENT,0.684,0
44,82843.85,5.0,512,20818.04,36,10039.08,5,debt_consolidation,MORTGAGE,0.372,0
55,80225.73,2.6,650,14219.5,24,8658.84,2,medical,OWN,0.285,0
29,94773.28,4.8,584,14901.76,12,0.0,2,auto,OWN,0.157,1
32,14870.46,5.6,597,24325.78,24,12443.29,2,debt_consolidation,MORTGAGE,2.473,0
38,15179.29,3.5,670,21320.49,48,16901.38,3,home_improvement,RENT,2.518,0
40,56260.39,8.1,680,14758.44,12,9918.04,3,education,MORTGAGE,0.439,0
37,57191.33,0.9,710,18914.43,24,6694.39,8,home_improvement,OWN,0.448,0
45,38124.8,2.5,811,11764.51,48,0.0,3,debt_consolidation,MORTGAGE,0.309,0
55,27863.7,0.4,697,19517.89,60,5246.61,7,home_improvement,RENT,0.889,0
53,86798.46,1.4,681,14640.52,24,1995.08,4,education,MORTGAGE,0.192,0
36,54845.06,2.9,789,1020.45,36,6196.14,8,debt_consolidation,OWN,0.132,0
21,17492.67,7.3,672,5214.65,48,2865.85,4,education,MORTGAGE,0.462,0
37,76480.45,13.2,704,17332.2,36,5362.67,4,home_improvement,RENT,0.297,0
31,37618.54,10.6,562,16523.21,12,2218.45,3,debt_consolidation,RENT,0.498,1
57,53297.81,2.8,633,1501.19,24,6070.02,4,small_business,MORTGAGE,0.142,0
26,76296.14,1.7,574,11070.91,24,4997.02,2,small_business,MORTGAGE,0.211,1
55,43248.74,0.1,676,9729.4,60,6798.6,5,education,RENT,0.382,0
35,86564.17,0.7,564,6967.64,60,20947.83,4,home_improvement,OWN,0.322,1
23,23715.86,11.0,665,34505.21,36,14599.3,3,auto,RENT,2.071,0
63,80621.53,1.4,794,12776.79,24,22419.09,5,debt_consolidation,MORTGAGE,0.437,0
59,42394.05,3.9,668,2683.32,36,14726.83,2,medical,RENT,0.411,0
28,44730.33,3.0,692,18593.42,60,4270.03,5,home_improvement,MORTGAGE,0.511,0
28,49066.19,7.3,754,16981.02,48,3254.28,5,medical,MORTGAGE,0.412,0
52,44818.05,0.5,567,17341.55,48,15202.94,4,auto,MORTGAGE,0.726,1
36,87114.1,7.3,590,9564.13,48,9569.71,1,auto,RENT,0.22,0
22,42982.3,0.9,680,11175.66,48,10098.71,4,medical,MORTGAGE,0.495,0
30,43949.95,8.5,720,10729.98,36,20052.01,8,medical,RENT,0.7,0
61,122362.83,3.1,563,7947.73,24,10609.32,6,medical,RENT,0.152,0
58,73240.86,14.6,614,3941.01,24,0.0,6,debt_consolidation,MORTGAGE,0.054,0
64,85519.66,2.2,749,9020.56,36,1289.89,1,small_business,MORTGAGE,0.121,0
31,68356.88,0.3,575,10682.64,12,11368.67,10,auto,MORTGAGE,0.323,1
42,49269.03,2.1,585,14934.55,36,13718.21,4,education,RENT,0.582,1
60,97823.94,4.6,762,8513.39,60,5677.09,2,education,RENT,0.145,0
46,85149.01,13.1,596,8518.72,60,3826.88,6,auto,MORTGAGE,0.145,1
62,71799.0,10.9,678,33946.45,60,9609.59,4,debt_consolidation,RENT,0.607,0
45,71984.47,1.4,737,16922.05,36,5579.03,7,small_business,OWN,0.313,0
22,92433.46,0.2,571,5430.45,12,6344.11,3,medical,MORTGAGE,0.127,1
41,28179.48,0.0,617,2601.81,36,10453.06,4,home_improvement,RENT,0.463,0
31,66439.98,1.7,463,13163.02,24,18074.15,2,home_improvement,RENT,0.47,1
31,28865.92,0.4,616,7937.92,36,9023.33,3,auto,OWN,0.588,0
59,56090.73,2.1,537,12934.77,36,10512.29,4,auto,RENT,0.418,1
54,45739.34,0.9,651,13696.57,36,0.0,5,auto,MORTGAGE,0.299,0
52,49056.48,0.9,632,26511.75,24,1765.12,3,debt_consolidation,OWN,0.576,0
48,53724.35,28.3,737,32899.38,24,16178.29,5,home_improvement,OWN,0.914,0
21,72444.57,5.6,568,2740.25,36,0.0,2,home_improvement,MORTGAGE,0.038,1
50,43383.19,5.5,615,14970.53,36,0.0,2,home_improvement,MORTGAGE,0.345,1
50,,4.1,653,21666.81,60,5328.89,1,debt_consolidation,RENT,0.858,0
44,101592.83,4.1,579,13998.36,48,13193.35,5,small_business,OWN,0.268,1
57,51615.83,0.1,850,7588.3,36,3636.82,6,home_improvement,MORTGAGE,0.217,0
59,51786.09,3.5,664,1000.0,36,2031.01,7,debt_consolidation,RENT,0.059,0
52,45500.49,3.3,591,25588.41,36,6288.55,2,debt_consolidation,OWN,0.701,1
49,63826.23,1.7,625,18834.42,48,0.0,3,education,RENT,0.295,0
22,53657.04,6.8,730,36838.17,36,16857.14,7,education,OWN,1.001,0
36,30512.8,0.7,576,35452.83,24,3476.18,7,auto,OWN,1.276,1
52,61232.59,1.9,577,4271.76,36,0.0,9,auto,RENT,0.07,0
41,30424.37,0.5,646,26452.47,36,16701.32,1,debt_consolidation,OWN,1.418,1
60,65944.68,1.8,551,32350.32,48,14667.15,3,debt_consolidation,MORTGAGE,0.713,0
21,60060.21,8.1,363,1254.13,48,13658.1,5,medical,MORTGAGE,0.248,1
28,44356.16,0.4,757,10503.28,12,6461.45,10,auto,MORTGAGE,0.382,0
41,68933.95,1.1,690,19552.86,12,10414.11,10,debt_consolidation,MORTGAGE,0.435,0
54,43079.63,2.7,596,21313.85,12,19818.22,2,small_business,MORTGAGE,0.955,0
61,,0.3,519,20884.5,48,11014.93,5,debt_consolidation,RENT,0.474,1
60,98057.84,1.2,533,16249.99,36,2672.72,4,debt_consolidation,MORTGAGE,0.193,1
53,56836.58,7.4,549,17044.2,36,0.0,5,home_improvement,RENT,0.3,0
42,61690.78,0.8,654,5358.23,60,13353.26,7,education,MORTGAGE,0.303,0
30,70744.48,,653,10793.53,36,3999.29,7,home_improvement,OWN,0.209,0
39,67714.03,0.7,515,27770.26,48,11409.17,6,auto,OWN,0.579,1
48,85133.59,4.7,566,27904.51,12,0.0,3,home_improvement,RENT,0.328,1
39,69005.12,2.7,588,1000.0,36,397.39,6,debt_consolidation,MORTGAGE,0.02,0
62,36613.23,1.2,650,24514.61,60,9248.85,1,debt_consolidation,MORTGAGE,0.922,0
59,43254.0,14.6,595,14271.68,36,14329.35,4,education,MORTGAGE,0.661,0
33,73052.22,16.6,629,29176.24,24,11926.87,7,home_improvement,RENT,0.563,0
64,14975.23,0.0,616,16432.59,48,6802.02,3,debt_consolidation,MORTGAGE,1.552,0
32,26785.03,0.7,628,7449.28,36,21679.07,6,debt_consolidation,RENT,1.087,0
64,70953.33,5.6,585,15744.3,48,5574.66,3,medical,RENT,0.3,0
33,51471.84,,631,11724.8,24,7485.48,4,medical,OWN,0.373,0
32,61028.6,0.6,559,41024.93,24,9125.45,3,auto,MORTGAGE,0.822,1
46,50022.26,12.4,626,10551.25,48,1189.63,3,auto,RENT,0.235,0
50,79426.65,25.9,649,5800.77,60,8196.12,1,auto,RENT,0.176,0
42,28919.83,0.3,727,15539.22,48,1052.71,5,debt_consolidation,RENT,0.574,0
58,101283.73,7.9,650,11339.02,36,10428.66,5,debt_consolidation,OWN,0.215,0
25,64003.68,9.9,626,25634.07,24,6636.03,10,debt_consolidation,MORTGAGE,0.504,0
22,33783.11,0.6,757,8433.56,48,2765.37,6,small_business,OWN,0.331,0
22,78708.33,9.1,577,7955.19,36,5263.55,2,small_business,RENT,0.168,0
27,69885.16,1.1,619,20175.97,36,3389.44,0,debt_consolidation,RENT,0.337,0
40,61215.96,2.4,609,17070.5,12,7342.24,6,small_business,MORTGAGE,0.399,0
50,51406.94,,633,25385.05,36,12107.45,7,education,MORTGAGE,0.729,0
62,32707.05,0.3,613,10733.72,24,2543.75,3,debt_consolidation,OWN,0.406,0
43,36779.73,4.5,680,2975.97,24,21675.88,1,home_improvement,MORTGAGE,0.67,0
21,84615.92,3.1,721,11180.44,48,17653.33,9,small_business,RENT,0.341,0
37,50929.1,3.8,593,8689.39,24,2667.74,3,medical,RENT,0.223,0
38,66856.22,12.3,796,1000.0,48,11528.98,5,home_improvement,MORTGAGE,0.187,0
55,48993.57,14.2,760,7128.24,60,4854.09,5,small_business,OWN,0.245,0
41,49765.24,6.0,737,21840.97,48,13354.26,1,home_improvement,MORTGAGE,0.707,0
32,64249.95,3.2,701,15497.3,24,8217.84,6,home_improvement,MORTGAGE,0.369,0
60,79353.22,16.4,592,28360.13,24,2823.14,0,debt_consolidation,MORTGAGE,0.393,0
32,46725.09,1.5,681,6940.46,36,0.0,3,medical,MORTGAGE,0.149,0
60,42214.79,2.0,635,2206.82,36,335.49,3,debt_consolidation,RENT,0.06,0
53,66170.67,8.4,615,30226.51,48,10293.98,4,auto,RENT,0.612,0
49,30840.8,10.1,440,10145.42,36,17344.34,0,home_improvement,MORTGAGE,0.891,1
61,12000.0,2.4,584,3567.91,24,4726.68,3,debt_consolidation,RENT,0.691,1
52,55468.17,2.2,604,3336.18,24,8787.61,5,debt_consolidation,RENT,0.219,0
54,12000.0,2.5,689,22877.61,36,14710.99,5,debt_consolidation,RENT,3.132,0
57,80461.62,2.0,576,30355.97,48,13152.4,5,home_improvement,MORTGAGE,0.541,0
41,21278.49,2.6,620,21655.91,60,294.29,1,home_improvement,MORTGAGE,1.032,0
43,45007.83,8.8,623,24033.22,36,7152.86,1,home_improvement,RENT,0.693,1
31,72189.97,,613,22199.35,48,13299.55,3,home_improvement,RENT,0.492,0
61,43590.62,2.6,617,13373.01,48,19896.11,1,debt_consolidation,RENT,0.763,0
32,54015.65,2.7,608,17427.01,48,12556.25,4,education,RENT,0.555,1
43,20840.0,1.6,651,27711.43,12,12989.26,2,medical,OWN,1.953,0
56,28752.68,6.6,538,5280.81,24,0.0,7,auto,RENT,0.184,1
55,38811.11,0.1,844,9828.69,36,8375.93,5,debt_consolidation,RENT,0.469,0
58,48033.7,0.6,569,11339.98,12,5306.24,2,education,OWN,0.347,1
58,43305.75,5.2,555,26842.99,12,5404.55,1,debt_consolidation,RENT,0.745,0
53,58187.09,2.5,599,12344.75,24,3983.07,5,medical,MORTGAGE,0.281,0
43,62653.93,1.0,583,28784.78,48,11789.81,1,education,MORTGAGE,0.648,1
55,12000.0,3.7,652,15902.61,36,6750.84,6,education,MORTGAGE,1.888,1
23,88747.52,6.0,660,1000.0,24,8369.58,5,medical,MORTGAGE,0.106,0
33,74087.91,18.6,622,13952.36,36,9067.94,7,small_business,RENT,0.311,0
31,29596.72,5.3,753,20934.07,48,17009.81,6,medical,OWN,1.282,0
34,44694.46,1.3,566,22012.69,24,13999.86,5,home_improvement,MORTGAGE,0.806,0
33,88286.2,6.1,734,26511.36,48,9989.6,7,home_improvement,OWN,0.413,0
32,24888.5,3.0,815,30047.67,24,10302.94,7,debt_consolidation,MORTGAGE,1.621,0
36,52994.28,1.7,686,23711.76,48,3888.88,3,education,OWN,0.521,0
52,12000.0,1.3,538,1000.0,24,10105.22,3,education,RENT,0.925,0
37,35324.68,4.0,641,17433.67,36,8348.38,2,education,RENT,0.73,0
53,91984.03,4.6,497,1000.0,36,4829.62,4,small_business,MORTGAGE,0.063,1
47,19164.42,0.3,726,24427.47,12,10668.82,6,debt_consolidation,RENT,1.831,0
52,50402.87,0.6,679,1000.0,48,14346.61,6,home_improvement,MORTGAGE,0.304,0
24,20053.78,7.1,657,14427.36,60,7414.31,6,debt_consolidation,RENT,1.089,0
31,45536.55,3.6,730,23481.68,24,143.47,0,debt_consolidation,OWN,0.519,0
31,58308.92,0.4,663,7481.31,36,5799.58,3,debt_consolidation,OWN,0.228,0
21,62805.13,5.1,623,6865.3,36,7295.49,3,home_improvement,RENT,0.225,1
40,50939.14,6.3,592,1000.0,48,1597.82,3,small_business,MORTGAGE,0.051,1
32,27073.31,6.7,548,1000.0,24,14062.65,5,debt_consolidation,RENT,0.556,0
52,75494.57,3.2,682,11300.27,24,18194.87,7,medical,RENT,0.391,0
23,80456.12,0.7,617,12869.15,60,8597.35,4,home_improvement,MORTGAGE,0.267,0
46,74461.35,1.4,641,15911.05,60,1967.19,6,debt_consolidation,MORTGAGE,0.24,0
36,49743.92,2.6,620,7557.17,12,18294.2,2,education,MORTGAGE,0.52,0
32,41412.6,2.1,496,12760.37,36,0.0,2,debt_consolidation,RENT,0.308,1
32,37281.82,1.8,606,9413.4,24,2341.94,0,auto,RENT,0.315,0
47,37021.92,2.2,660,13205.01,36,0.0,3,small_business,RENT,0.357,0
52,82378.96,1.9,423,10552.19,24,0.0,5,debt_consolidation,MORTGAGE,0.128,1
62,,0.7,568,20576.97,24,14305.33,2,small_business,OWN,0.688,1
45,57781.88,1.0,615,1000.0,36,0.0,5,auto,RENT,0.017,0
42,106229.62,8.7,670,22420.07,36,443.77,5,auto,RENT,0.215,0
27,55245.11,6.0,703,17517.73,60,17288.45,3,debt_consolidation,RENT,0.63,0
43,75626.32,3.0,675,36655.1,36,17225.6,4,medical,OWN,0.712,0
47,56407.05,10.3,572,7056.96,24,2577.17,5,medical,MORTGAGE,0.171,0
40,53116.62,2.5,640,30167.01,24,6561.48,3,debt_consolidation,RENT,0.691,1
50,55509.05,4.6,675,20057.47,48,20675.12,2,small_business,RENT,0.734,0
32,83305.14,15.2,479,1000.0,24,13114.45,5,home_improvement,MORTGAGE,0.169,1
62,44534.48,5.6,680,1000.0,24,1805.21,5,debt_consolidation,MORTGAGE,0.063,0
36,56950.23,17.4,623,7567.8,12,10792.06,5,debt_consolidation,MORTGAGE,0.322,0
32,74803.89,0.0,591,1000.0,24,12667.63,3,education,MORTGAGE,0.183,0
34,21594.12,4.2,678,21790.28,48,7158.91,2,small_business,MORTGAGE,1.341,0
43,45964.41,13.5,580,16940.4,60,81.56,4,small_business,MORTGAGE,0.37,0
57,53621.55,7.0,501,19873.0,36,7683.07,6,home_improvement,MORTGAGE,0.514,0
54,37017.18,5.0,592,24895.22,36,8237.59,1,auto,RENT,0.895,1
57,59547.93,0.4,696,20671.62,12,8987.35,4,debt_consolidation,RENT,0.498,0
34,44454.59,4.7,625,21676.28,36,6036.18,5,debt_consolidation,RENT,0.623,0
56,67475.22,1.3,683,12849.61,36,0.0,6,auto,MORTGAGE,0.19,0
49,61420.96,,552,11206.62,12,0.0,6,medical,OWN,0.182,0
58,50035.55,22.1,687,12303.44,12,2593.07,4,debt_consolidation,RENT,0.298,0
39,30416.8,0.7,597,8423.55,48,0.0,0,auto,RENT,0.277,0
49,78633.44,1.4,566,27254.47,48,6532.25,3,debt_consolidation,MORTGAGE,0.43,1
25,48064.17,2.0,650,17723.65,24,2223.19,3,home_improvement,MORTGAGE,0.415,1
59,49692.92,0.5,613,7727.79,24,1898.67,7,debt_consolidation,RENT,0.194,0
22,27140.51,3.7,485,4303.18,12,20364.13,4,auto,OWN,0.909,1
33,43067.81,7.5,629,32707.87,48,6404.87,7,debt_consolidation,RENT,0.908,1
21,48498.09,0.3,570,1000.0,36,16971.29,4,small_business,OWN,0.371,1
49,48817.57,7.6,706,17239.53,36,5057.6,3,debt_consolidation,MORTGAGE,0.457,0
29,47957.98,2.1,649,1000.0,36,9427.28,3,auto,OWN,0.217,0
27,51090.73,2.7,794,22297.76,24,10872.94,6,auto,MORTGAGE,0.649,0
35,28965.06,1.3,776,5489.61,60,8159.04,3,auto,OWN,0.471,0
28,73212.7,0.4,656,29478.42,12,10625.93,2,small_business,RENT,0.548,0
49,47069.59,3.2,603,37567.46,12,10329.2,1,auto,OWN,1.018,1
45,40302.45,5.9,703,9623.06,60,0.0,6,auto,RENT,0.239,0
44,65005.49,7.0,791,12837.29,12,7888.17,6,debt_consolidation,OWN,0.319,0
47,71157.88,8.8,689,7442.78,24,15322.58,6,medical,OWN,0.32,0
36,62902.61,1.2,792,22674.12,24,9714.44,6,home_improvement,MORTGAGE,0.515,0
41,55793.39,9.7,623,6200.0,24,1416.25,10,medical,MORTGAGE,0.137,0
25,86717.77,5.8,619,20375.73,24,21229.1,1,small_business,MORTGAGE,0.48,1
58,81980.91,3.5,722,23855.31,48,0.0,6,small_business,OWN,0.291,0
53,60044.91,19.9,577,23464.2,24,8357.24,3,debt_consolidation,RENT,0.53,0
63,37039.11,4.5,755,4702.68,36,8983.67,2,medical,MORTGAGE,0.37,0
29,55716.66,9.0,703,17875.99,12,6864.4,5,auto,MORTGAGE,0.444,0
38,63254.77,11.3,610,6652.41,36,13217.05,2,debt_consolidation,MORTGAGE,0.314,0
34,45804.8,2.5,709,25342.23,60,1280.37,4,medical,MORTGAGE,0.581,0
52,83212.0,10.6,614,24487.14,24,10875.18,8,small_business,OWN,0.425,0
21,71118.29,1.5,712,1000.0,24,10269.86,9,debt_consolidation,RENT,0.158,0
57,62778.05,0.9,627,11397.68,24,11908.08,5,auto,MORTGAGE,0.371,0
62,82450.65,9.9,661,8403.89,36,8873.12,5,medical,OWN,0.21,0
28,79289.08,2.0,634,10637.99,48,11483.11,2,home_improvement,RENT,0.279,0
30,55315.31,,638,18824.08,48,10145.46,2,debt_consolidation,MORTGAGE,0.524,1
28,35795.55,4.0,458,14672.61,36,7098.95,1,small_business,RENT,0.608,1
44,74886.3,7.0,697,2380.24,36,15264.9,5,debt_consolidation,MORTGAGE,0.236,0
59,62956.88,6.5,625,15911.79,48,3762.4,3,small_business,MORTGAGE,0.313,0
32,40359.32,5.0,699,16438.57,48,637.23,5,auto,RENT,0.423,0
60,12000.0,2.9,641,11977.96,12,12274.01,1,education,MORTGAGE,2.021,0
28,63872.61,3.0,649,37172.01,12,6288.83,6,small_business,RENT,0.68,0
50,59213.86,6.7,531,10419.21,60,4677.87,5,education,RENT,0.255,1
29,55682.99,1.3,575,10730.83,36,10968.71,2,medical,OWN,0.39,1
64,55090.05,,650,20690.69,48,10904.77,6,home_improvement,RENT,0.574,0
44,45662.13,4.3,727,38883.52,60,2295.47,3,education,RENT,0.902,0
36,91105.51,6.8,684,18712.36,24,8680.49,6,home_improvement,MORTGAGE,0.301,0
46,83908.21,5.6,599,1000.0,60,15454.62,3,debt_consolidation,OWN,0.196,0
55,62541.93,3.9,585,7068.17,24,0.0,4,medical,MORTGAGE,0.113,0
23,77081.61,8.1,600,12900.4,24,7349.77,5,auto,RENT,0.263,0
37,44114.82,0.8,512,21491.5,12,12327.61,4,home_improvement,MORTGAGE,0.767,1
40,62289.52,0.3,713,21163.58,12,9292.47,5,debt_consolidation,RENT,0.489,0
32,59213.46,0.1,586,22277.96,48,9466.69,3,education,RENT,0.536,1
36,45068.99,10.7,685,11132.02,36,15635.24,6,home_improvement,RENT,0.594,0
49,72674.03,1.0,614,26709.14,36,4504.37,2,education,RENT,0.43,0
23,65915.63,,614,19995.81,12,25368.1,6,education,RENT,0.688,0
35,66853.56,13.2,563,14539.94,36,7391.9,5,auto,OWN,0.328,0
61,39865.45,5.2,648,28233.89,24,6741.45,0,debt_consolidation,MORTGAGE,0.877,0
54,14723.09,4.7,588,16273.79,36,13997.79,4,home_improvement,RENT,2.056,0
61,32570.86,0.8,643,26444.99,36,8344.38,3,debt_consolidation,MORTGAGE,1.068,0
27,73633.94,4.6,611,10573.62,60,15322.83,4,education,MORTGAGE,0.352,0
21,28944.08,9.8,786,22443.92,48,14160.95,8,auto,OWN,1.265,0
22,65566.7,0.7,689,17675.11,24,5505.1,4,debt_consolidation,RENT,0.354,0
42,57236.17,8.0,614,27027.44,36,7804.38,3,medical,RENT,0.609,1
28,76348.65,1.8,517,2258.06,36,7713.75,4,debt_consolidation,MORTGAGE,0.131,1
60,40859.34,5.4,788,11382.12,36,9229.41,6,auto,MORTGAGE,0.504,0
30,48942.89,0.5,645,21563.81,48,3255.4,5,medical,RENT,0.507,0
33,52250.53,16.3,626,28899.98,60,3459.29,7,small_business,RENT,0.619,0
22,27892.87,4.8,647,15782.64,24,3592.8,5,auto,MORTGAGE,0.695,0
30,,6.7,809,10483.34,24,17624.59,3,home_improvement,MORTGAGE,0.575,0
22,64534.55,0.9,572,15122.54,36,9860.52,2,debt_consolidation,MORTGAGE,0.387,1
27,77276.01,3.5,747,12471.66,60,10011.56,6,medical,MORTGAGE,0.291,0
43,83335.61,0.7,582,14495.87,24,11919.89,6,debt_consolidation,RENT,0.317,1
45,70836.42,0.3,648,24416.31,24,2178.2,6,auto,RENT,0.375,0
28,62259.55,8.3,698,16348.26,48,1364.4,8,medical,RENT,0.284,0
33,78858.55,4.6,637,9446.3,48,11380.01,6,debt_consolidation,MORTGAGE,0.264,0
42,24959.84,0.3,627,15255.85,24,4458.68,3,home_improvement,RENT,0.79,0
41,72167.54,21.4,525,12871.44,48,8307.22,4,debt_consolidation,RENT,0.293,0
37,53346.83,8.7,743,18662.16,12,11364.08,3,education,MORTGAGE,0.563,0
40,55396.92,4.3,638,4967.49,36,12013.64,4,small_business,MORTGAGE,0.307,0
41,12000.0,15.7,540,1085.17,36,5155.68,4,home_improvement,MORTGAGE,0.52,0
25,51297.22,3.5,592,5472.89,48,8751.71,2,small_business,OWN,0.277,0
53,41853.49,5.9,562,10078.94,24,13924.94,10,auto,MORTGAGE,0.574,1
28,38599.58,2.9,713,16461.45,48,7690.91,2,small_business,MORTGAGE,0.626,0
49,35368.84,1.0,637,17963.03,48,10986.38,4,auto,RENT,0.819,0
47,50046.78,0.5,594,9571.67,60,9152.99,6,debt_consolidation,MORTGAGE,0.374,0
21,94647.63,11.5,541,30380.68,36,8306.31,3,medical,MORTGAGE,0.409,1
54,78653.87,5.6,744,16976.77,48,4077.47,5,education,RENT,0.268,0
57,62230.35,3.3,612,23822.37,36,1420.09,1,small_business,OWN,0.406,0
49,66808.36,4.6,463,20781.29,36,2227.14,10,small_business,MORTGAGE,0.344,1
32,64313.52,2.8,410,17402.8,60,16200.86,3,small_business,MORTGAGE,0.522,1
46,53863.83,14.9,649,24787.08,12,5722.64,4,home_improvement,RENT,0.566,0
62,60710.62,5.8,795,13074.4,48,16129.94,3,debt_consolidation,MORTGAGE,0.481,0
37,51379.61,2.5,748,9796.02,48,9669.81,10,home_improvement,RENT,0.379,0
26,73554.2,5.9,718,13430.72,48,2332.54,3,medical,MORTGAGE,0.214,0
34,49688.88,5.9,708,3276.8,24,19039.47,3,debt_consolidation,RENT,0.449,0
62,,1.2,627,23728.57,48,17197.44,2,home_improvement,OWN,0.489,1
48,66330.94,2.7,711,16875.44,48,11106.37,4,home_improvement,RENT,0.422,0
41,41970.14,1.1,476,3087.46,36,3752.24,3,debt_consolidation,MORTGAGE,0.163,1
35,33290.71,0.3,809,34876.65,12,3505.08,6,education,MORTGAGE,1.153,0
25,50724.71,5.6,564,28486.21,12,11725.05,1,education,MORTGAGE,0.793,0
48,87539.74,6.8,594,8306.56,36,14559.88,5,debt_consolidation,RENT,0.261,0
46,74461.35,1.4,641,15911.05,60,1967.19,6,debt_consolidation,MORTGAGE,0.24,0
44,26586.44,3.4,653,1000.0,36,16317.66,2,medical,RENT,0.651,0
53,78571.05,3.1,812,1000.0,36,5826.97,5,debt_consolidation,RENT,0.087,0
34,55683.67,13.8,572,20006.18,24,18327.01,2,home_improvement,RENT,0.688,1
60,73820.12,7.0,636,7214.91,24,13651.42,7,debt_consolidation,OWN,0.283,0
54,65361.53,1.9,533,2184.06,24,12844.34,4,small_business,MORTGAGE,0.23,1
45,49384.46,4.2,634,8025.75,48,4256.98,5,auto,OWN,0.249,0
39,85591.0,22.8,623,22912.24,36,10708.21,5,debt_consolidation,RENT,0.393,0
57,41185.57,0.1,730,33380.32,12,4061.25,3,small_business,RENT,0.909,0
53,56254.29,11.9,664,1000.0,60,19668.97,4,small_business,MORTGAGE,0.367,0
43,70943.92,17.9,790,26971.43,24,0.0,3,debt_consolidation,OWN,0.38,0
39,71986.09,5.1,520,14193.02,48,21098.69,2,home_improvement,MORTGAGE,0.49,1
46,98055.4,0.9,609,3430.46,12,10009.9,4,debt_consolidation,MORTGAGE,0.137,0
54,54342.41,1.3,821,22171.24,12,12034.36,3,debt_consolidation,RENT,0.629,0
46,92886.83,2.4,716,3735.54,12,1073.86,2,debt_consolidation,MORTGAGE,0.052,0
27,73399.12,7.6,696,22651.68,24,6935.86,3,auto,OWN,0.403,0
54,46521.57,7.6,627,10642.68,60,12611.69,5,home_improvement,OWN,0.5,0
43,85331.61,0.3,640,1000.0,12,4907.36,8,auto,OWN,0.069,0
25,59472.66,1.3,791,21407.62,24,5272.87,2,home_improvement,RENT,0.449,0
41,87968.82,0.4,556,10294.33,24,12909.36,3,home_improvement,RENT,0.264,0
35,31286.82,1.2,544,9012.16,12,6103.4,3,medical,MORTGAGE,0.483,1
30,66939.5,14.5,791,17025.52,24,0.0,6,debt_consolidation,RENT,0.254,0
28,22831.06,10.4,576,15418.31,60,10660.43,5,home_improvement,MORTGAGE,1.142,1
56,62547.47,5.6,617,30855.08,12,10123.7,5,debt_consolidation,RENT,0.655,0
30,35045.82,2.2,586,29517.32,12,19033.44,4,debt_consolidation,RENT,1.385,1
40,28841.75,12.2,720,10127.12,12,9400.49,3,home_improvement,MORTGAGE,0.677,0
42,34828.54,1.4,551,33223.82,24,11206.26,2,debt_consolidation,MORTGAGE,1.276,1
54,90529.49,0.7,643,21797.19,24,8354.86,2,small_business,RENT,0.333,0
38,19819.0,7.3,576,26628.48,12,13433.88,7,debt_consolidation,MORTGAGE,2.021,0
50,63651.92,9.4,599,27258.58,60,12738.63,4,auto,MORTGAGE,0.628,0
33,48367.06,11.1,673,8858.89,36,3778.86,7,auto,MORTGAGE,0.261,0
44,37547.8,0.7,698,15145.09,24,6960.67,3,debt_consolidation,MORTGAGE,0.589,0
43,61083.96,3.0,559,9255.27,12,10996.28,4,home_improvement,MORTGAGE,0.332,1
28,55338.34,0.7,613,11935.39,24,10626.63,5,medical,RENT,0.408,0
48,48899.05,4.3,561,1017.18,36,4403.93,5,medical,MORTGAGE,0.111,0
46,45676.92,4.5,517,1000.0,24,5190.96,3,small_business,RENT,0.136,0
58,54382.15,0.5,555,17856.76,36,17198.41,4,home_improvement,RENT,0.645,0
21,36689.53,18.6,581,44487.59,12,5257.92,2,debt_consolidation,MORTGAGE,1.356,0
50,73426.38,4.5,605,12447.77,36,6231.73,2,home_improvement,OWN,0.254,1
22,68055.44,0.9,457,30382.86,24,10748.09,8,auto,OWN,0.604,1
35,38746.34,0.4,587,5236.09,48,17201.01,7,home_improvement,RENT,0.579,0
45,50779.93,1.7,676,1000.0,48,15985.99,1,home_improvement,RENT,0.335,0
59,44588.17,4.8,595,3850.66,36,5290.24,3,auto,RENT,0.205,0
50,78659.53,2.6,729,17929.91,24,12614.56,4,debt_consolidation,MORTGAGE,0.388,0
62,52967.23,2.6,657,15355.15,36,15989.81,2,auto,RENT,0.592,0
54,75373.37,2.7,668,16994.11,12,6722.71,2,auto,RENT,0.315,0
53,53367.36,0.8,631,1000.0,48,25003.35,11,medical,MORTGAGE,0.487,0
41,44723.73,,625,7853.44,36,3164.08,9,home_improvement,MORTGAGE,0.246,0
40,49369.53,2.6,622,16468.75,36,4320.89,0,debt_consolidation,RENT,0.421,1
21,87217.99,2.7,624,12453.21,24,8532.75,4,small_business,RENT,0.241,0
55,33204.77,6.3,653,17640.09,12,7145.48,1,education,MORTGAGE,0.746,0
24,42002.02,0.1,646,18519.72,36,5107.14,7,education,RENT,0.563,1
29,73343.76,0.1,685,1000.0,36,9691.73,3,medical,OWN,0.146,0
49,87023.61,2.1,596,17697.26,24,7024.13,4,debt_consolidation,OWN,0.284,0
46,86440.57,19.5,484,1000.0,24,6774.56,3,debt_consolidation,RENT,0.09,1
53,30579.92,0.9,638,21081.77,36,12521.18,5,small_business,RENT,1.099,0
44,57476.12,3.6,622,35909.4,12,0.0,2,debt_consolidation,OWN,0.625,0
45,34401.65,18.5,605,20866.78,24,12762.8,4,medical,RENT,0.978,0
49,41411.99,1.8,672,12465.17,24,13917.4,4,debt_consolidation,MORTGAGE,0.637,0
52,53673.64,13.7,587,11677.85,60,14002.62,6,home_improvement,MORTGAGE,0.478,0
53,78675.22,2.6,567,16310.84,36,1253.58,2,home_improvement,RENT,0.223,1
44,50610.37,2.6,826,3436.83,24,4893.17,2,debt_consolidation,MORTGAGE,0.165,0
26,78077.34,1.5,622,31292.72,24,18400.72,5,medical,RENT,0.636,0
54,71710.02,1.5,560,14445.76,36,12192.12,5,home_improvement,MORTGAGE,0.371,1
54,48380.11,10.0,619,7591.11,12,12658.49,4,auto,OWN,0.419,0
41,73226.0,8.4,580,29594.83,36,18555.3,1,education,MORTGAGE,0.658,0
29,46154.53,11.4,704,18901.19,12,1566.58,5,small_business,MORTGAGE,0.443,0
28,66880.53,2.8,775,3629.37,36,11061.92,8,education,MORTGAGE,0.22,0
27,33079.38,8.0,690,11541.07,36,13091.23,1,home_improvement,RENT,0.745,0
25,39639.7,4.7,622,5955.22,48,7276.58,2,debt_consolidation,RENT,0.334,0
62,54565.52,6.7,623,1000.0,24,5062.78,1,debt_consolidation,RENT,0.111,0
53,85738.98,10.6,729,25678.15,36,6212.53,9,auto,RENT,0.372,0
31,70677.83,1.9,713,23055.88,12,5846.74,5,debt_consolidation,RENT,0.409,0
44,45589.37,4.4,612,5217.22,12,0.0,3,small_business,OWN,0.114,0
23,68254.5,5.5,453,18731.63,24,6153.86,4,debt_consolidation,OWN,0.365,1
64,86463.42,2.9,535,16448.05,48,8559.82,5,medical,OWN,0.289,0
24,103822.43,2.5,720,4573.65,36,13761.1,5,small_business,RENT,0.177,0
37,65877.76,1.0,651,22834.04,36,3889.89,4,medical,RENT,0.406,0
29,72821.37,2.6,458,17649.53,48,6015.61,8,auto,OWN,0.325,1
31,38876.36,1.0,708,26236.21,24,887.7,4,medical,OWN,0.698,0
53,32733.91,2.4,564,18033.79,36,3106.54,5,auto,OWN,0.646,0
49,73353.12,18.8,500,12028.47,36,1853.09,4,debt_consolidation,OWN,0.189,0
29,56605.93,0.0,627,12297.62,36,940.01,5,medical,RENT,0.234,0
52,28293.28,7.9,550,13826.75,12,3274.69,4,debt_consolidation,MORTGAGE,0.604,1
28,40699.63,9.6,675,3938.84,36,10511.42,4,debt_consolidation,MORTGAGE,0.355,0
36,39772.65,5.8,643,20761.12,36,6720.43,1,home_improvement,OWN,0.691,0
39,100664.03,8.6,721,24302.66,48,14533.31,0,home_improvement,OWN,0.386,0
46,12000.0,,755,5488.93,24,4170.27,5,medical,RENT,0.805,0
21,41254.63,5.5,773,19371.44,24,10926.29,5,education,MORTGAGE,0.734,0
37,89884.22,0.9,704,22265.35,36,6740.55,7,education,OWN,0.323,0
21,32945.62,2.9,709,16341.36,24,12728.42,2,auto,RENT,0.882,0
23,56788.09,6.0,631,19153.66,48,0.0,7,home_improvement,MORTGAGE,0.337,1
38,52035.09,4.9,560,16377.31,60,8922.5,2,debt_consolidation,MORTGAGE,0.486,0
51,63164.07,6.5,633,21337.17,48,1097.8,2,home_improvement,OWN,0.355,0
32,60213.15,3.5,732,21218.33,60,9164.79,3,auto,MORTGAGE,0.505,0
51,53206.5,11.9,507,11746.66,12,10619.05,5,medical,RENT,0.42,1
56,93912.98,0.4,841,24321.59,36,4421.6,5,small_business,MORTGAGE,0.306,0
24,26811.45,10.3,691,7483.58,60,1633.94,3,debt_consolidation,RENT,0.34,0
48,45341.87,22.2,567,21013.92,36,10347.86,4,auto,MORTGAGE,0.692,0
31,35784.99,2.1,470,18137.14,36,18432.79,4,small_business,RENT,1.022,1
46,38831.97,7.3,575,25787.78,36,65.57,7,education,RENT,0.666,0
55,34380.98,13.6,647,14895.19,36,8743.75,1,auto,RENT,0.688,0
56,60747.87,2.2,686,21643.75,48,3810.67,4,debt_consolidation,RENT,0.419,0
55,28223.35,2.0,727,34871.99,36,4148.02,3,medical,RENT,1.383,0
59,82655.32,3.1,727,4111.69,12,9285.69,5,auto,MORTGAGE,0.162,0
59,12933.73,7.9,617,14172.94,48,4939.48,6,small_business,RENT,1.478,0
45,39279.97,17.3,572,4698.7,36,11399.75,3,small_business,OWN,0.41,0
61,25785.8,2.2,754,16389.1,24,16569.41,5,debt_consolidation,MORTGAGE,1.278,0
53,12000.0,7.3,838,24128.29,24,14007.46,3,home_improvement,RENT,3.178,0
39,71031.07,4.0,678,24876.87,48,11216.06,2,home_improvement,OWN,0.508,0
61,,5.9,623,8719.54,48,19471.54,5,home_improvement,RENT,0.434,0
63,76070.01,7.1,561,7143.15,36,5756.52,4,debt_consolidation,MORTGAGE,0.17,0
50,108125.4,2.6,509,15048.33,36,15509.17,3,debt_consolidation,RENT,0.283,1
63,58501.5,1.5,683,7841.18,24,1891.02,1,education,RENT,0.166,0
43,52024.4,1.7,701,33240.66,24,9007.17,0,auto,RENT,0.812,0
62,49440.91,,702,8578.73,36,7068.38,3,home_improvement,RENT,0.316,0
55,65635.36,1.0,796,1000.0,24,14212.38,2,debt_consolidation,OWN,0.232,0
61,19728.27,3.3,602,23660.85,12,12269.73,3,debt_consolidation,RENT,1.821,0
55,48382.33,7.4,639,36062.67,36,12408.26,3,debt_consolidation,MORTGAGE,1.002,0
37,27387.63,5.1,723,22426.65,36,4886.8,4,medical,MORTGAGE,0.997,0
22,62261.43,9.8,645,15098.4,48,11284.63,6,auto,OWN,0.424,1
57,40536.49,1.3,706,29890.32,36,13545.09,4,debt_consolidation,RENT,1.072,0
39,69989.47,7.2,662,1000.0,36,14580.03,8,auto,MORTGAGE,0.223,0
57,71836.08,1.9,773,21162.47,24,2910.28,6,small_business,RENT,0.335,0
52,30729.98,0.3,815,16178.83,36,13009.5,6,debt_consolidation,MORTGAGE,0.95,0
61,57349.32,2.1,611,4716.64,60,3484.87,1,debt_consolidation,RENT,0.143,0
59,58276.02,,705,8704.85,36,12678.64,2,home_improvement,MORTGAGE,0.367,0
32,54409.7,1.4,691,22622.33,48,9863.37,4,education,MORTGAGE,0.597,0
40,33677.61,2.8,736,15716.78,12,11416.04,1,education,OWN,0.806,0
38,54759.37,3.5,666,18343.15,36,0.0,5,small_business,RENT,0.335,0
25,47770.81,9.5,653,29709.45,60,4380.63,5,auto,RENT,0.714,0
47,99220.2,5.6,490,7966.46,36,9466.61,9,debt_consolidation,RENT,0.176,1
42,55687.87,0.6,699,20591.29,12,9160.79,4,debt_consolidation,RENT,0.534,0
54,39269.52,0.0,610,20592.51,60,8526.22,2,debt_consolidation,RENT,0.742,0
32,62575.83,7.3,656,19237.89,36,13549.9,4,debt_consolidation,RENT,0.524,0
59,27426.34,3.9,654,30924.04,36,0.0,4,medical,RENT,1.128,0
57,68847.1,1.7,547,31433.97,48,13542.67,3,debt_consolidation,MORTGAGE,0.653,1
29,38480.08,2.7,550,21926.09,12,5805.88,2,home_improvement,RENT,0.721,1
35,56654.12,1.2,566,3765.57,24,9770.68,2,debt_consolidation,MORTGAGE,0.239,0
53,37802.32,2.9,813,8213.62,24,3159.38,3,debt_consolidation,MORTGAGE,0.301,0
26,67688.68,4.3,553,28327.98,24,5597.97,1,medical,OWN,0.501,1
61,48482.12,9.4,594,15658.79,36,906.52,2,debt_consolidation,RENT,0.342,1
36,73988.2,3.4,620,11315.2,36,6148.77,11,debt_consolidation,RENT,0.236,0
38,63730.45,5.4,671,13423.53,48,4393.94,5,small_business,RENT,0.28,0
31,54665.75,0.2,687,1000.0,24,0.0,1,debt_consolidation,MORTGAGE,0.018,0
59,71512.91,2.8,597,14410.61,48,3594.56,5,home_improvement,RENT,0.252,1
46,57849.01,0.8,708,30898.12,24,11625.18,5,auto,MORTGAGE,0.735,0
24,52183.08,6.3,721,22250.22,60,4845.53,6,medical,RENT,0.519,0
52,24690.58,16.3,621,22612.66,36,8305.03,2,education,OWN,1.252,0
42,60445.26,2.8,549,10056.95,48,9108.55,2,debt_consolidation,RENT,0.317,1
40,58368.24,4.9,584,3569.94,24,6907.91,2,auto,MORTGAGE,0.18,0
56,,1.1,808,10383.59,60,5550.31,6,small_business,MORTGAGE,0.286,0
27,62717.27,0.4,617,14313.02,24,12740.26,5,medical,RENT,0.431,0
30,67071.58,3.8,603,14744.94,24,7378.9,0,auto,RENT,0.33,1
55,65421.25,12.1,672,1435.12,36,13865.49,3,debt_consolidation,OWN,0.234,0
42,30733.48,23.2,588,4713.21,48,13497.44,4,home_improvement,MORTGAGE,0.593,0
36,52034.38,3.3,727,27174.66,24,9722.97,5,small_business,MORTGAGE,0.709,0
49,38324.17,3.6,636,21774.3,24,12910.43,4,debt_consolidation,MORTGAGE,0.905,0
42,12000.0,2.1,700,4354.66,36,19918.46,6,small_business,MORTGAGE,2.023,0
22,36412.23,3.0,516,17921.73,24,5688.87,7,debt_consolidation,RENT,0.648,1
34,37465.94,0.4,628,6197.2,48,9935.16,4,debt_consolidation,RENT,0.431,1
29,61833.01,0.3,731,15580.84,12,2112.52,6,debt_consolidation,OWN,0.286,0
51,46250.51,0.7,674,22044.34,24,10485.65,4,auto,MORTGAGE,0.703,0
44,82532.04,9.3,702,7105.02,48,0.0,5,home_improvement,MORTGAGE,0.086,0
32,65667.33,0.1,786,23653.5,36,2603.8,6,medical,RENT,0.4,0
61,32516.57,8.6,595,17764.99,12,0.0,2,auto,MORTGAGE,0.546,0
40,73747.94,3.4,571,12149.63,24,13503.86,1,debt_consolidation,MORTGAGE,0.348,0
38,89046.54,0.0,661,18763.7,36,6425.11,5,education,RENT,0.283,0
52,73441.21,2.2,651,2884.73,24,9834.52,3,education,MORTGAGE,0.173,0
59,50403.01,1.4,575,26369.56,60,13637.17,4,auto,MORTGAGE,0.794,0
23,60734.58,5.2,770,9495.59,36,6538.22,3,medical,RENT,0.264,0
39,12000.0,1.1,549,13786.8,48,1446.33,5,home_improvement,MORTGAGE,1.269,1
49,62453.92,0.5,627,5848.04,36,8432.83,4,debt_consolidation,MORTGAGE,0.229,0
49,62443.63,1.1,638,1000.0,48,5758.55,10,debt_consolidation,MORTGAGE,0.108,0
48,45351.08,0.1,746,15801.91,24,10511.27,4,debt_consolidation,OWN,0.58,0
40,93936.97,2.5,686,16116.38,48,351.17,6,auto,RENT,0.175,0
51,36197.2,8.7,688,23012.34,36,5150.39,7,debt_consolidation,RENT,0.778,0
31,39492.89,10.5,603,12662.15,24,5236.55,4,auto,RENT,0.453,0
28,103128.3,3.8,659,20775.38,24,8339.09,9,medical,RENT,0.282,0
48,38906.71,9.6,577,15785.96,36,125.46,4,debt_consolidation,RENT,0.409,0
27,57408.35,3.3,645,22056.5,36,4186.21,7,small_business,RENT,0.457,0
28,58302.99,,571,6473.14,36,744.51,5,debt_consolidation,RENT,0.124,0
64,105351.01,0.7,714,8607.01,36,0.0,4,education,OWN,0.082,0
63,32369.16,4.2,573,23851.34,48,4281.49,1,education,OWN,0.869,0
60,26611.98,0.6,711,22269.96,60,9701.7,3,debt_consolidation,MORTGAGE,1.201,0
32,61564.62,4.5,850,15044.2,36,6744.92,4,debt_consolidation,MORTGAGE,0.354,0
44,22640.01,0.4,786,26478.36,24,5699.71,5,debt_consolidation,RENT,1.421,0
28,48364.05,0.5,697,19326.13,12,8371.66,4,auto,RENT,0.573,0
38,60028.68,5.2,578,41876.96,48,5902.22,2,home_improvement,RENT,0.796,1
54,12000.0,2.3,627,16031.23,48,0.0,4,medical,RENT,1.336,0
41,,2.3,524,19860.22,36,9352.46,3,medical,RENT,2.434,1
28,62588.79,9.5,673,19964.87,24,23514.74,6,home_improvement,MORTGAGE,0.695,0
57,79848.42,5.6,629,4513.2,24,8250.92,3,home_improvement,MORTGAGE,0.16,0
24,12000.0,3.1,404,19622.72,12,438.96,8,medical,RENT,1.672,1
25,90249.57,8.2,708,4372.48,36,3619.93,1,debt_consolidation,MORTGAGE,0.089,0
39,84279.08,0.2,712,28210.05,36,19710.34,4,debt_consolidation,RENT,0.569,0
22,36412.23,3.0,516,17921.73,24,5688.87,7,debt_consolidation,RENT,0.648,1
44,62370.82,1.1,623,24517.4,12,4086.4,1,debt_consolidation,RENT,0.459,0
42,,8.6,620,13315.19,24,0.0,6,home_improvement,MORTGAGE,0.564,0
53,16942.25,1.4,727,11955.69,48,9421.43,3,auto,MORTGAGE,1.262,0
64,32423.17,17.5,673,34742.42,24,5242.67,2,small_business,OWN,1.233,0
41,,1.8,698,20351.25,60,3470.35,9,auto,OWN,0.327,0
38,54860.27,2.1,537,9268.84,48,9064.28,6,debt_consolidation,OWN,0.334,1
26,65207.39,,586,13388.47,48,12490.89,4,debt_consolidation,MORTGAGE,0.397,1
46,33847.26,0.4,618,6204.86,48,9962.06,5,debt_consolidation,MORTGAGE,0.478,0
33,60307.24,9.9,663,13252.38,12,7415.71,5,debt_consolidation,RENT,0.343,0
44,53181.75,4.0,759,12411.98,48,4828.34,3,debt_consolidation,RENT,0.324,0
46,52678.34,0.9,456,26920.34,36,8549.27,1,education,RENT,0.673,1
64,,9.5,663,21324.53,36,3701.16,4,debt_consolidation,RENT,0.371,0
28,51919.06,7.0,660,14968.45,48,1343.15,4,debt_consolidation,RENT,0.314,0
57,50155.72,9.5,502,28050.78,36,5872.46,5,auto,MORTGAGE,0.676,0
25,12000.0,2.6,673,23422.82,24,7830.45,11,debt_consolidation,MORTGAGE,2.604,0
33,44315.67,2.7,618,1000.0,12,5840.19,5,home_improvement,RENT,0.154,0
24,62670.18,5.2,596,16795.57,12,5719.57,4,small_business,RENT,0.359,0
45,14856.07,0.4,654,1000.0,12,4707.7,5,medical,RENT,0.384,0
55,71971.66,1.8,734,5756.86,36,8434.38,5,debt_consolidation,RENT,0.197,0
26,60849.5,1.9,685,7164.41,12,11272.45,2,home_improvement,MORTGAGE,0.303,0
26,71154.7,1.9,722,33777.38,24,8411.77,4,auto,MORTGAGE,0.593,0
61,99441.08,0.6,678,10043.83,24,6586.08,3,home_improvement,MORTGAGE,0.167,0
30,76616.62,1.7,755,30656.99,24,6876.15,7,debt_consolidation,RENT,0.49,0
43,93382.06,2.8,669,15036.38,48,18261.5,2,small_business,RENT,0.357,0
41,49428.39,13.2,641,20095.68,24,9852.31,2,education,RENT,0.606,0
43,78924.21,20.9,538,13307.67,36,5879.31,3,debt_consolidation,MORTGAGE,0.243,0
49,47273.68,1.9,709,19452.75,24,12838.16,6,home_improvement,OWN,0.683,0
60,38670.95,5.4,624,29874.74,48,5835.4,4,debt_consolidation,RENT,0.923,0
57,,1.9,747,9169.39,24,19141.06,8,small_business,RENT,0.719,0
25,58350.94,5.9,605,11736.57,24,12618.93,2,home_improvement,MORTGAGE,0.417,0
64,39616.76,1.8,729,20521.25,48,0.0,6,medical,RENT,0.518,0
24,48753.28,24.1,591,21467.87,36,3221.12,1,auto,OWN,0.506,0
54,34934.81,2.2,688,14267.87,60,14796.21,7,auto,RENT,0.832,0
26,41142.08,4.5,631,8362.0,36,13544.07,2,auto,OWN,0.532,0
49,60866.8,4.9,666,25105.48,36,9442.69,6,debt_consolidation,OWN,0.568,0
51,84788.42,0.5,644,16929.86,60,1445.2,2,education,OWN,0.217,0
52,113590.01,10.1,762,5086.65,48,12815.78,3,debt_consolidation,RENT,0.158,0
31,83041.02,0.3,653,1295.57,24,16837.42,2,debt_consolidation,RENT,0.218,0
21,39401.26,3.3,631,8173.67,48,7069.71,2,debt_consolidation,MORTGAGE,0.387,0
43,18485.38,16.2,716,1000.0,60,16263.65,1,small_business,OWN,0.934,0
33,,5.9,694,27803.04,24,4636.01,2,medical,MORTGAGE,0.629,0
54,74204.22,0.8,825,4079.67,12,12696.84,6,education,MORTGAGE,0.226,0
39,98135.21,11.8,587,20017.53,48,10925.13,5,medical,RENT,0.315,0
58,59717.92,1.4,625,4948.21,12,4824.59,3,debt_consolidation,RENT,0.164,0
57,51358.38,3.8,562,3929.73,60,14939.71,7,debt_consolidation,MORTGAGE,0.367,1
38,23812.27,1.4,699,1000.0,24,8618.44,4,home_improvement,RENT,0.404,0
55,57904.46,3.4,742,1662.1,24,17170.52,3,auto,RENT,0.325,0
40,82605.86,1.0,624,12333.23,12,5401.15,2,small_business,RENT,0.215,0
46,32671.43,7.1,817,10260.38,24,11130.05,4,debt_consolidation,MORTGAGE,0.655,0
22,36952.44,4.4,709,12268.65,48,23550.17,6,debt_consolidation,RENT,0.969,0
47,,1.2,540,15620.04,48,18615.15,6,auto,MORTGAGE,0.496,0
27,30422.89,0.3,663,28781.94,36,4481.96,8,auto,RENT,1.093,1
33,81725.54,0.7,619,25532.35,36,7571.42,2,education,RENT,0.405,1
30,15316.81,7.5,699,5928.05,24,0.0,7,small_business,MORTGAGE,0.387,0
53,25670.54,2.5,646,10486.78,24,15528.47,4,education,MORTGAGE,1.013,0
48,105399.45,1.5,631,3349.56,60,5015.76,5,auto,RENT,0.079,0
34,88299.16,0.0,670,8595.05,48,8429.23,5,auto,OWN,0.193,0
38,68979.81,7.9,696,12572.34,24,5414.24,3,debt_consolidation,RENT,0.261,0
43,35507.07,2.4,647,8054.61,36,3542.4,1,home_improvement,OWN,0.327,0
63,63193.56,1.7,739,22502.74,24,12357.44,7,home_improvement,RENT,0.552,0
61,43732.79,5.0,622,20391.36,48,0.0,2,debt_consolidation,OWN,0.466,0
53,20831.09,3.0,850,20846.48,36,0.0,4,debt_consolidation,MORTGAGE,1.001,0
22,66140.07,5.1,630,22099.96,24,9095.38,3,debt_consolidation,MORTGAGE,0.472,0
34,48430.87,4.4,697,1000.0,48,14035.15,4,medical,MORTGAGE,0.31,0
57,30056.06,3.3,560,17108.2,36,1652.38,8,auto,MORTGAGE,0.624,0
58,53557.95,2.3,756,15979.05,60,4636.67,5,home_improvement,MORTGAGE,0.385,0
23,36016.08,3.1,745,13731.67,36,1785.78,10,education,RENT,0.431,0
46,57130.22,1.1,580,15631.12,24,6968.15,2,small_business,MORTGAGE,0.396,0
42,65561.31,3.5,700,12660.14,48,11783.27,4,debt_consolidation,MORTGAGE,0.373,0
28,68939.45,8.5,817,26295.95,60,10832.84,5,medical,RENT,0.539,0
22,35894.3,2.0,672,10569.13,60,9457.66,5,small_business,MORTGAGE,0.558,0
35,72663.84,9.4,589,12752.75,48,8710.76,7,auto,MORTGAGE,0.295,0
34,71437.63,19.4,821,13061.86,24,538.91,7,debt_consolidation,OWN,0.19,0
39,39724.12,0.0,835,22783.64,24,8138.5,5,auto,RENT,0.778,0
21,67930.1,9.1,705,16103.05,36,4609.79,6,medical,MORTGAGE,0.305,0
33,59346.74,1.9,670,4249.16,24,0.0,1,debt_consolidation,MORTGAGE,0.072,0
56,39630.69,1.0,713,16781.69,48,8571.76,5,home_improvement,OWN,0.64,0
53,56111.79,2.5,709,8996.63,36,0.0,1,home_improvement,MORTGAGE,0.16,0
28,54881.26,1.5,761,22772.14,24,16725.86,7,home_improvement,OWN,0.72,0
57,53165.55,3.2,650,8441.44,48,507.87,3,education,RENT,0.168,0
32,77788.16,4.8,576,25704.76,36,7478.14,6,home_improvement,MORTGAGE,0.427,0
21,44564.4,2.6,522,6182.32,60,9953.63,5,debt_consolidation,RENT,0.362,1
22,67307.88,1.9,662,8905.97,60,11935.3,3,home_improvement,MORTGAGE,0.31,0
56,27443.04,14.1,661,13316.7,12,12585.98,4,medical,RENT,0.944,0
60,92510.31,0.1,722,10342.62,24,16991.55,9,home_improvement,MORTGAGE,0.295,0
60,62776.62,0.1,645,9888.74,48,7227.35,3,home_improvement,MORTGAGE,0.273,0
44,23416.39,2.1,647,1000.0,36,8109.68,4,small_business,MORTGAGE,0.389,0
27,62898.44,4.7,642,6982.76,36,13069.57,5,home_improvement,RENT,0.319,0
50,73623.4,2.2,754,16156.06,36,8094.77,4,debt_consolidation,MORTGAGE,0.329,0
42,79483.92,0.3,826,16696.38,24,2447.27,5,debt_consolidation,RENT,0.241,0
24,88319.39,4.3,758,18713.99,60,2650.07,4,auto,MORTGAGE,0.242,0
56,42262.81,4.1,641,30402.62,36,11643.22,5,debt_consolidation,OWN,0.995,0
47,72581.93,5.4,612,4302.62,36,4117.85,7,medical,MORTGAGE,0.116,0
31,79383.43,7.0,612,19870.74,12,10426.85,9,home_improvement,RENT,0.382,0
41,84626.73,1.7,617,2670.13,12,3301.8,4,debt_consolidation,OWN,0.071,0
33,62305.44,7.1,802,30784.43,36,8340.12,3,education,RENT,0.628,0
57,40723.89,10.8,656,16042.49,48,23610.62,2,medical,RENT,0.974,0
33,12405.46,5.6,739,13548.88,60,13024.74,6,education,MORTGAGE,2.142,0
41,76359.82,22.3,689,10613.78,24,134.17,2,auto,RENT,0.141,0
47,74549.18,4.4,653,11264.6,24,12568.94,2,debt_consolidation,OWN,0.32,0
55,63301.72,6.2,608,11968.2,36,7591.06,3,auto,RENT,0.309,1
59,35526.4,0.8,563,5424.06,48,17692.95,4,education,RENT,0.651,1
51,60360.02,13.3,618,19727.77,36,4196.2,2,home_improvement,MORTGAGE,0.396,0
24,76151.28,1.3,708,15202.62,24,4386.28,4,debt_consolidation,MORTGAGE,0.257,0
48,30548.91,5.8,701,14604.67,12,6163.73,4,home_improvement,MORTGAGE,0.68,0
25,,12.4,740,4801.48,24,6512.8,1,home_improvement,OWN,0.943,0
60,65866.94,1.4,699,1391.94,12,9587.25,2,small_business,MORTGAGE,0.167,0
45,32195.33,2.4,666,23918.62,60,9995.25,3,auto,MORTGAGE,1.053,0
39,94444.3,1.1,617,13307.07,48,14973.15,5,home_improvement,MORTGAGE,0.299,0
58,69308.4,13.6,694,14798.68,60,6385.4,5,education,MORTGAGE,0.306,0
61,77300.87,0.4,553,14840.28,36,10545.5,6,home_improvement,OWN,0.328,1
22,55313.37,7.5,593,4770.23,48,8359.14,4,debt_consolidation,RENT,0.237,1
50,48452.56,20.5,719,19605.58,24,26405.01,6,medical,MORTGAGE,0.95,0
26,69901.91,3.9,653,2336.56,36,4329.36,5,debt_consolidation,RENT,0.095,0
36,76807.69,6.4,616,12633.84,24,6669.49,2,home_improvement,RENT,0.251,0
57,21196.48,1.1,746,12348.8,36,4318.21,5,medical,RENT,0.786,0
63,31475.69,1.4,654,19914.66,48,6773.14,5,small_business,OWN,0.848,0
44,46942.91,,675,1000.0,48,15962.48,8,debt_consolidation,MORTGAGE,0.361,0
46,71293.0,1.9,799,12120.21,24,754.0,3,small_business,RENT,0.181,0
59,57326.49,2.1,706,14668.0,24,14632.47,2,education,MORTGAGE,0.511,0
37,39044.08,0.9,598,6408.64,60,1174.13,4,home_improvement,RENT,0.194,1
24,55670.53,10.4,503,28131.2,36,5867.05,2,medical,OWN,0.611,1
46,89501.27,6.2,737,7787.48,48,2305.76,6,home_improvement,RENT,0.113,0
46,36509.64,4.9,628,12044.03,36,20406.01,5,auto,RENT,0.889,0
59,61555.61,4.9,681,4912.38,24,3148.04,4,auto,MORTGAGE,0.131,0
45,53497.89,0.0,733,19272.4,36,0.0,3,debt_consolidation,MORTGAGE,0.36,0
45,60762.91,1.7,546,22301.97,24,11085.68,6,medical,RENT,0.549,0
64,64791.9,1.3,693,3075.76,12,11547.29,2,medical,RENT,0.226,0
33,49127.88,1.6,702,6604.23,36,9612.01,8,auto,RENT,0.33,0
23,48396.91,1.0,515,10005.01,48,2032.64,2,home_improvement,OWN,0.249,1
40,58580.38,4.6,497,22250.86,48,26620.31,7,auto,RENT,0.834,1
28,83845.5,8.4,573,14727.73,48,5197.16,3,auto,RENT,0.238,0
55,44036.03,8.4,588,18930.59,48,2772.53,3,home_improvement,RENT,0.493,0
28,16635.34,1.1,638,1000.0,36,0.0,2,small_business,MORTGAGE,0.06,0
33,33487.58,1.7,621,1000.0,24,0.0,3,small_business,RENT,0.03,1
35,12801.81,1.0,722,18934.02,48,6854.09,4,small_business,MORTGAGE,2.014,0
47,59311.45,5.2,635,3070.51,36,10472.98,1,debt_consolidation,OWN,0.228,0
46,56645.08,10.2,707,22269.53,48,0.0,2,medical,MORTGAGE,0.393,0
64,43797.7,1.2,672,22856.4,36,12240.62,4,small_business,RENT,0.801,0
34,95030.61,5.6,642,15095.73,24,14387.95,0,home_improvement,RENT,0.31,0
62,63447.37,11.0,766,31303.47,48,1928.44,2,home_improvement,RENT,0.524,0
58,12000.0,8.6,708,7102.94,36,12804.56,4,auto,MORTGAGE,1.659,0
46,78009.73,,538,2718.16,12,6964.69,6,debt_consolidation,MORTGAGE,0.124,0
48,86032.5,2.5,688,24070.71,24,6787.39,3,small_business,OWN,0.359,0
58,72144.03,4.3,638,23419.12,36,11584.58,3,medical,RENT,0.485,0
24,50891.02,1.1,706,7726.3,60,0.0,6,debt_consolidation,MORTGAGE,0.152,0
48,50654.23,4.0,769,1000.0,48,10873.08,3,small_business,MORTGAGE,0.234,0
22,60910.55,2.3,637,3987.9,48,8959.08,3,home_improvement,MORTGAGE,0.213,0
52,33759.04,,583,25896.31,12,20574.14,3,home_improvement,RENT,1.377,0
47,49371.49,9.8,710,3134.24,60,3603.76,7,medical,RENT,0.136,0
48,42294.34,3.1,798,5008.3,36,5391.04,2,home_improvement,RENT,0.246,0
57,69439.94,6.6,663,15767.56,12,6632.76,4,home_improvement,RENT,0.323,0
47,24042.83,1.8,683,13914.12,24,13664.25,5,medical,RENT,1.147,0
59,30571.21,8.9,552,1000.0,48,7533.24,3,debt_consolidation,RENT,0.279,0
61,51449.98,2.0,582,1594.22,60,1005.38,6,auto,RENT,0.051,0
29,60616.01,3.9,651,13792.87,12,8359.12,5,education,OWN,0.365,0
46,52610.95,2.4,695,9670.97,36,0.0,8,debt_consolidation,RENT,0.184,0
60,56401.14,7.6,482,37259.39,36,1557.94,8,debt_consolidation,MORTGAGE,0.688,1
23,58010.08,5.6,685,5413.6,12,5902.96,6,education,MORTGAGE,0.195,0
24,65330.58,2.0,777,24657.19,60,6334.29,6,medical,MORTGAGE,0.474,0
27,32341.44,3.6,577,20305.53,24,10094.59,5,small_business,RENT,0.94,1
21,21187.14,6.9,538,35244.94,48,5329.66,1,debt_consolidation,MORTGAGE,1.915,1
34,,3.5,557,7192.99,48,10087.72,3,debt_consolidation,MORTGAGE,0.268,1
63,29033.56,6.1,553,14490.49,24,4318.41,4,debt_consolidation,RENT,0.648,1
30,48526.17,4.6,551,10366.87,12,7804.23,3,small_business,RENT,0.374,1
37,56283.72,2.7,599,20697.33,36,6608.46,5,education,RENT,0.485,1
52,,6.2,576,1000.0,36,9612.87,7,auto,MORTGAGE,0.133,0
36,57985.81,4.2,773,7988.53,24,3612.89,3,education,RENT,0.2,0
38,40631.98,2.1,533,1000.0,48,20725.05,7,debt_consolidation,RENT,0.535,1
39,60961.44,4.4,527,17626.92,48,3857.13,3,auto,MORTGAGE,0.352,1
23,92916.24,5.5,685,16360.42,12,8716.74,4,debt_consolidation,RENT,0.27,0
23,12000.0,0.5,490,19014.11,48,10047.41,4,debt_consolidation,RENT,2.422,1
51,,2.4,652,17799.14,12,0.0,5,debt_consolidation,MORTGAGE,0.353,0
63,92662.62,2.8,616,4704.1,36,8319.67,1,education,MORTGAGE,0.141,0
52,63696.81,3.4,597,13459.59,24,15882.2,2,debt_consolidation,RENT,0.461,1
50,49853.87,10.3,609,12382.21,48,775.31,3,home_improvement,MORTGAGE,0.264,0
37,39987.4,2.2,610,11093.71,36,13195.17,8,auto,RENT,0.607,0
46,59172.54,14.1,741,2869.92,48,6238.77,1,medical,OWN,0.154,0
40,54471.39,7.2,676,10273.57,36,8823.73,5,auto,OWN,0.351,0
59,44282.52,,710,21492.92,24,6950.83,3,debt_consolidation,RENT,0.642,0
35,97662.24,0.8,741,22007.65,24,16323.5,10,home_improvement,RENT,0.392,0
34,63368.39,12.1,689,4592.3,48,2601.93,6,medical,MORTGAGE,0.114,0
57,,16.1,597,16456.56,60,6658.06,9,auto,RENT,1.926,0
61,68066.39,1.8,655,9685.46,24,12090.7,5,debt_consolidation,RENT,0.32,0
48,46962.61,1.1,515,1000.0,12,10085.11,3,auto,RENT,0.236,1
64,58666.56,16.8,650,1000.0,48,1367.71,1,medical,MORTGAGE,0.04,0
58,81702.09,14.0,712,12485.82,36,5087.35,3,debt_consolidation,RENT,0.215,0
25,47681.98,6.1,702,26736.6,12,9148.74,3,auto,OWN,0.753,0
53,45698.14,2.9,660,17277.08,36,6862.56,6,auto,MORTGAGE,0.528,0
53,51048.27,2.1,718,19916.99,36,8264.16,4,auto,RENT,0.552,0
30,66533.82,1.5,563,1000.0,48,12993.62,2,auto,OWN,0.21,1
27,87108.86,,621,25513.52,36,13342.29,2,home_improvement,MORTGAGE,0.446,1
42,48875.39,0.7,667,9502.19,36,9657.99,3,medical,RENT,0.392,0
34,63428.2,4.9,748,19671.63,24,12179.4,2,education,MORTGAGE,0.502,0
25,48570.29,9.0,762,33092.42,48,0.0,5,debt_consolidation,OWN,0.681,0
21,,5.2,571,6930.0,12,4196.04,5,medical,MORTGAGE,0.098,1
59,37078.91,23.9,699,10802.12,12,0.0,2,home_improvement,MORTGAGE,0.291,0
62,69370.25,1.2,687,16164.31,36,288.66,5,debt_consolidation,OWN,0.237,0
55,21401.16,8.3,668,9741.34,24,13438.55,5,debt_consolidation,RENT,1.083,0
53,37478.32,5.8,627,17075.92,48,0.0,4,small_business,OWN,0.456,0
64,70919.5,6.4,549,33768.7,48,18758.69,4,debt_consolidation,MORTGAGE,0.741,1
60,30397.97,0.6,659,24747.46,24,12213.16,3,auto,OWN,1.216,0
24,56735.71,5.1,742,20793.98,24,4271.16,3,auto,RENT,0.442,0
57,20821.16,16.7,736,10446.87,36,1320.46,3,debt_consolidation,OWN,0.565,0
34,77078.46,2.4,519,6963.52,24,5630.89,3,debt_consolidation,RENT,0.163,0
61,81625.36,0.2,747,17213.49,48,2047.46,5,medical,RENT,0.236,0
54,66634.29,1.6,703,20889.37,12,16748.36,6,education,RENT,0.565,0
52,43395.67,0.1,444,18990.58,24,0.0,8,home_improvement,RENT,0.438,1
50,49800.2,3.6,599,14590.48,12,11213.57,5,small_business,OWN,0.518,0
62,27469.68,8.7,523,9321.01,24,16434.31,12,debt_consolidation,RENT,0.938,0
57,93757.16,4.8,542,22885.92,60,11748.04,6,education,RENT,0.369,1
21,59230.45,5.0,686,21293.7,48,9319.3,4,debt_consolidation,MORTGAGE,0.517,0
50,61516.07,1.5,691,22330.2,36,11096.33,2,medical,MORTGAGE,0.543,0
45,30618.34,2.3,826,17656.74,24,5172.04,6,medical,MORTGAGE,0.746,0
57,56935.31,10.8,647,21180.38,48,13456.7,3,medical,RENT,0.608,0
49,,5.6,677,11010.14,12,180.14,3,small_business,OWN,0.161,0
47,69535.91,4.3,656,23718.14,24,8474.42,2,home_improvement,RENT,0.463,1
23,30702.95,0.5,688,30430.99,60,10022.29,2,medical,MORTGAGE,1.318,1
35,47255.71,0.6,611,25939.33,24,0.0,4,education,RENT,0.549,1
34,72030.89,14.2,658,8259.24,12,590.7,9,medical,MORTGAGE,0.123,0
48,12000.0,3.2,714,1000.0,36,17780.75,1,medical,MORTGAGE,1.565,0
42,12000.0,1.1,605,10770.16,12,14906.58,4,medical,OWN,2.14,1
45,64723.69,7.1,727,1000.0,24,21108.86,5,medical,MORTGAGE,0.342,0
39,76901.71,2.0,514,26891.85,24,5509.72,0,debt_consolidation,RENT,0.421,1
33,59957.54,4.5,593,12231.99,12,7246.55,0,home_improvement,MORTGAGE,0.325,1
54,51623.35,0.9,617,9116.91,24,14543.11,6,small_business,OWN,0.458,0
25,,2.9,697,18670.29,24,2839.4,7,small_business,MORTGAGE,0.487,0
30,50832.9,,670,19525.18,36,9081.58,2,home_improvement,OWN,0.563,1
55,61785.9,8.6,724,26012.46,36,120.79,4,debt_consolidation,RENT,0.423,0
57,,19.1,659,10775.42,48,10743.05,6,small_business,MORTGAGE,0.379,0
21,85356.45,3.4,706,6112.47,36,20568.31,2,home_improvement,MORTGAGE,0.313,0
44,74805.03,8.3,652,38090.86,24,12578.37,6,medical,RENT,0.677,1
55,22177.4,17.7,733,27063.66,60,0.0,8,debt_consolidation,RENT,1.22,0
23,37152.34,5.1,737,45583.15,24,3419.46,3,home_improvement,MORTGAGE,1.319,0
55,60831.23,4.5,647,18635.24,48,5852.2,5,home_improvement,OWN,0.403,0
45,60890.53,1.2,674,6831.48,12,11251.36,1,home_improvement,RENT,0.297,0
47,,0.7,674,22816.0,60,9509.9,2,auto,OWN,0.615,0
49,36341.83,5.2,719,30239.93,60,15086.0,2,medical,OWN,1.247,0
35,17551.31,1.1,517,14867.76,24,2177.5,5,auto,MORTGAGE,0.971,1
38,56534.43,2.4,604,1000.0,24,15668.4,2,debt_consolidation,MORTGAGE,0.295,0
60,67809.38,10.9,691,8937.09,36,15967.76,4,auto,OWN,0.367,0
27,96505.52,7.2,721,12679.54,60,0.0,2,auto,MORTGAGE,0.131,0
27,79213.15,2.5,636,24652.69,24,7005.91,4,auto,OWN,0.4,1
34,77630.4,1.9,667,12219.06,48,13779.53,3,debt_consolidation,RENT,0.335,0
43,61653.89,1.0,683,17483.86,60,19911.28,3,small_business,OWN,0.607,0
40,44765.23,1.1,471,1000.0,24,0.0,5,home_improvement,MORTGAGE,0.022,1
23,39849.33,6.0,756,11296.58,48,14030.95,5,education,RENT,0.636,0
50,46885.73,3.7,669,8700.31,12,11033.05,5,debt_consolidation,RENT,0.421,0
47,63890.24,0.3,580,30000.78,12,18390.55,2,medical,RENT,0.757,1
31,49081.64,0.8,458,13719.48,36,2982.83,5,small_business,RENT,0.34,1
64,57089.86,0.9,699,15889.74,48,13891.5,2,debt_consolidation,RENT,0.522,0
24,68729.57,18.7,638,14936.63,36,0.0,6,small_business,MORTGAGE,0.217,0
41,79801.88,3.4,587,14204.4,24,18224.66,5,medical,OWN,0.406,1
21,93920.57,0.9,616,14308.29,36,0.0,5,home_improvement,RENT,0.152,0
62,59176.65,0.4,686,6592.61,36,554.55,4,debt_consolidation,RENT,0.121,0
58,96610.53,0.2,681,7609.56,12,3417.78,2,medical,RENT,0.114,0
36,33519.74,1.0,697,19266.38,48,5679.24,1,debt_consolidation,OWN,0.744,0
25,72879.17,14.1,452,20335.31,24,0.0,3,auto,MORTGAGE,0.279,1
42,14614.35,4.1,676,16348.8,12,15533.91,4,auto,RENT,2.182,0
34,12000.0,,511,12992.37,24,10772.45,3,auto,MORTGAGE,1.98,1
40,44259.67,10.8,612,21024.94,12,12610.64,5,home_improvement,MORTGAGE,0.76,0
53,50491.43,6.4,621,3495.64,24,12140.35,3,debt_consolidation,MORTGAGE,0.31,0
22,62375.25,12.1,643,3807.73,60,7607.28,6,auto,MORTGAGE,0.183,0
38,87914.25,4.8,662,17376.26,24,14780.97,6,debt_consolidation,RENT,0.366,0
42,88689.12,14.2,531,13170.15,24,17024.41,4,home_improvement,MORTGAGE,0.34,1
28,114062.83,15.8,593,1000.0,24,4132.91,2,auto,RENT,0.045,0
48,80658.66,3.9,698,25885.45,36,0.0,6,debt_consolidation,MORTGAGE,0.321,0
60,52633.7,0.6,671,21333.51,48,14413.5,5,small_business,MORTGAGE,0.679,0
25,64955.69,2.8,727,5926.83,12,7040.85,5,auto,MORTGAGE,0.2,0
42,26853.85,0.1,666,36893.73,24,13113.74,2,debt_consolidation,OWN,1.862,0
21,21245.43,4.8,657,12600.48,24,1854.49,1,auto,MORTGAGE,0.68,0
30,68638.38,5.5,619,1666.98,36,3.15,4,debt_consolidation,RENT,0.024,0
47,43916.63,3.9,671,1000.0,48,8271.36,4,home_improvement,MORTGAGE,0.211,0
52,32968.38,5.6,687,9995.13,12,0.0,2,debt_consolidation,RENT,0.303,0
43,65177.78,4.3,634,41811.49,12,10559.78,7,small_business,RENT,0.804,1
55,44159.39,2.4,568,17878.3,36,15051.35,2,auto,OWN,0.746,0
35,41471.09,21.2,710,27869.35,36,12318.66,3,home_improvement,MORTGAGE,0.969,0
45,57656.65,1.2,672,9229.68,48,3685.8,1,small_business,OWN,0.224,0
31,89513.13,2.1,624,20825.58,24,16623.02,7,debt_consolidation,MORTGAGE,0.418,0
55,39877.55,3.0,501,8598.24,60,10708.63,5,auto,MORTGAGE,0.484,1
54,48124.06,2.8,587,7291.89,24,0.0,2,small_business,MORTGAGE,0.152,0
45,41934.13,14.7,642,16776.81,48,10729.55,4,debt_consolidation,RENT,0.656,0
61,78427.29,2.6,709,27785.56,12,503.14,4,debt_consolidation,MORTGAGE,0.361,0
56,12000.0,0.1,779,16382.39,24,14636.56,4,auto,RENT,2.585,0
47,44172.84,0.6,588,21733.76,36,8180.08,6,debt_consolidation,MORTGAGE,0.677,1
39,28571.33,0.6,671,18074.04,12,1132.29,6,auto,MORTGAGE,0.672,0
38,40636.27,0.2,680,23110.86,36,14773.0,5,home_improvement,RENT,0.932,0
35,41850.39,0.2,676,23677.61,36,7502.6,3,debt_consolidation,RENT,0.745,0
44,66535.98,1.6,702,25063.65,48,9570.38,7,medical,MORTGAGE,0.521,0
26,88744.81,2.8,795,6260.94,60,573.8,5,home_improvement,MORTGAGE,0.077,0
51,32828.09,14.8,577,19939.45,36,13886.43,5,debt_consolidation,MORTGAGE,1.03,0
60,52858.59,1.7,710,5134.2,48,7590.78,5,home_improvement,MORTGAGE,0.241,0
44,53988.66,8.1,656,12731.56,12,11951.31,3,medical,MORTGAGE,0.457,0
45,38486.74,1.6,708,14839.2,12,12692.57,3,auto,RENT,0.715,0
28,53132.42,8.2,525,28851.16,48,894.67,4,small_business,MORTGAGE,0.56,1
21,53056.46,2.0,734,21100.69,24,8497.25,4,auto,RENT,0.558,0
28,56615.56,1.3,500,25315.64,12,3796.03,4,home_improvement,MORTGAGE,0.514,1
30,72223.15,7.0,665,10824.47,60,11841.02,3,debt_consolidation,RENT,0.314,0
37,88470.77,3.7,650,27665.7,24,165.97,10,auto,RENT,0.315,0
52,76766.13,4.4,720,13944.84,36,10594.61,4,home_improvement,MORTGAGE,0.32,0
46,58319.14,3.5,646,5885.63,36,2480.55,4,debt_consolidation,MORTGAGE,0.143,0
33,,0.5,762,27289.71,60,14268.0,2,medical,MORTGAGE,0.704,0
64,71589.83,8.0,535,13703.23,36,6997.33,3,medical,MORTGAGE,0.289,0
48,32413.9,3.2,600,15519.27,36,9812.9,4,small_business,OWN,0.782,0
45,89369.61,13.5,679,18132.96,24,13076.96,2,medical,RENT,0.349,0
39,66837.36,11.4,607,8059.79,24,289.47,7,debt_consolidation,RENT,0.125,0
41,36522.62,5.5,686,11248.03,12,11123.63,2,small_business,RENT,0.613,0
60,78214.81,10.1,686,13241.18,12,10761.97,6,debt_consolidation,RENT,0.307,0
64,46336.36,0.1,661,20028.47,24,5384.5,4,home_improvement,MORTGAGE,0.548,1
56,46869.12,0.9,620,1000.0,36,7334.96,3,auto,MORTGAGE,0.178,0
32,58956.28,27.2,723,8334.93,48,2749.23,2,small_business,OWN,0.188,0
52,45135.64,0.7,774,14801.22,12,7569.63,2,debt_consolidation,MORTGAGE,0.496,0
55,96021.75,6.0,548,15329.58,24,2749.45,7,auto,RENT,0.188,1
55,58395.41,11.2,646,15375.76,12,15555.9,6,debt_consolidation,MORTGAGE,0.53,0
45,81941.8,4.6,623,8758.13,24,13135.36,4,small_business,RENT,0.267,0
56,31147.79,3.2,654,15516.16,24,8299.1,3,medical,MORTGAGE,0.765,0
57,,1.1,457,7228.88,36,10708.93,4,debt_consolidation,OWN,0.243,1
23,57505.13,12.1,631,12494.13,12,5986.66,5,debt_consolidation,MORTGAGE,0.321,0
59,34235.28,12.7,683,3941.29,36,6946.57,6,education,MORTGAGE,0.318,0
63,82749.0,0.8,752,22781.15,36,12899.33,1,auto,RENT,0.431,0
23,50483.68,1.7,599,19427.18,36,11519.9,2,debt_consolidation,MORTGAGE,0.613,0
63,62272.61,10.1,671,9169.64,36,9975.5,2,debt_consolidation,RENT,0.307,0
63,41369.78,3.2,497,9850.63,48,13416.46,6,medical,RENT,0.562,0
45,64122.26,2.3,641,23287.34,36,14743.39,7,debt_consolidation,RENT,0.593,0
56,59549.05,7.7,626,1000.0,48,0.0,6,auto,MORTGAGE,0.017,0
46,76012.12,1.8,645,14871.13,24,6535.72,4,education,RENT,0.282,0
49,57981.98,6.4,619,20875.57,36,2628.7,1,auto,MORTGAGE,0.405,0
57,47308.53,4.1,547,9628.54,48,3575.4,5,debt_consolidation,RENT,0.279,0
22,29551.63,1.3,696,17615.11,48,7626.56,2,debt_consolidation,RENT,0.854,0
40,41813.94,0.5,702,18038.51,60,20218.09,4,debt_consolidation,RENT,0.915,0
34,34870.9,3.7,837,10635.41,60,5126.61,8,small_business,RENT,0.452,0
63,16556.03,12.0,850,6502.85,36,11133.78,1,education,RENT,1.065,0
31,60509.95,0.0,639,23042.33,36,0.0,2,auto,RENT,0.381,0
31,18635.79,6.0,534,1915.81,36,6288.87,2,home_improvement,MORTGAGE,0.44,1
49,44874.21,0.7,637,19306.77,48,6866.24,7,debt_consolidation,OWN,0.583,0
54,72953.6,3.2,707,12012.05,36,3342.34,5,home_improvement,MORTGAGE,0.21,0
27,95625.78,4.2,387,23174.0,36,11574.8,3,auto,MORTGAGE,0.363,1
46,55009.8,4.4,589,13447.54,48,10119.9,7,medical,RENT,0.428,0
54,85725.13,1.2,591,15066.15,36,10175.1,6,medical,MORTGAGE,0.294,0
22,48607.35,4.2,582,19574.82,36,7775.06,3,debt_consolidation,MORTGAGE,0.563,1
57,16852.36,1.4,627,1000.0,36,9586.88,5,medical,RENT,0.628,0
63,,4.3,684,16814.22,48,7289.72,2,education,RENT,1.04,0
50,,4.4,667,1995.92,12,15615.12,4,home_improvement,MORTGAGE,0.587,0
29,20320.26,1.2,621,3528.5,36,13378.55,4,small_business,MORTGAGE,0.832,0
64,80287.23,1.5,498,30100.11,36,17079.45,2,debt_consolidation,MORTGAGE,0.588,1
42,53469.28,1.8,722,33370.71,60,9050.93,7,small_business,RENT,0.793,0
43,72150.47,0.6,638,15298.95,48,10110.89,8,home_improvement,MORTGAGE,0.352,0
38,30901.18,2.6,697,22669.57,36,9246.69,3,auto,RENT,1.033,0
61,61162.67,0.7,747,22093.1,48,4565.49,3,auto,OWN,0.436,0
25,64757.04,2.1,658,24821.69,36,4475.41,2,home_improvement,RENT,0.452,0
23,62832.06,9.8,506,12176.44,12,0.0,0,medical,RENT,0.194,1
64,32276.88,13.0,549,11242.43,36,11013.26,6,medical,RENT,0.69,0
48,63625.86,6.7,548,1440.48,36,5562.6,2,small_business,RENT,0.11,1
54,30847.03,2.6,575,27564.19,48,14197.36,4,home_improvement,MORTGAGE,1.354,1
50,81468.48,2.3,704,14711.75,12,13745.11,4,education,RENT,0.349,0
34,87429.23,3.6,637,11724.96,36,14197.98,5,small_business,RENT,0.297,0
59,90142.2,1.6,568,9322.61,24,3953.08,2,auto,MORTGAGE,0.147,1
26,98776.81,0.4,652,19546.0,48,2656.4,4,auto,RENT,0.225,0
38,65992.02,1.2,579,13498.46,24,8514.9,3,debt_consolidation,MORTGAGE,0.334,1
26,49919.97,4.0,699,25930.57,48,7386.59,3,small_business,OWN,0.667,0
30,35297.77,5.3,606,6277.64,36,0.0,4,debt_consolidation,RENT,0.178,0
41,37795.61,5.7,585,21428.13,36,4089.88,2,small_business,RENT,0.675,1
37,74388.27,7.6,748,11163.06,36,428.66,6,debt_consolidation,RENT,0.156,0
49,84744.63,0.3,699,7907.81,36,3180.92,5,debt_consolidation,MORTGAGE,0.131,0
44,69091.74,0.9,570,22813.9,12,10516.08,3,debt_consolidation,OWN,0.482,1
42,55719.94,1.0,674,6027.84,36,3754.53,6,auto,RENT,0.176,0
46,26479.73,7.2,608,4298.8,24,8262.75,6,home_improvement,RENT,0.474,0
26,31056.97,6.4,653,8806.77,36,4726.05,4,medical,MORTGAGE,0.436,0
23,59630.35,11.9,625,23957.61,36,15260.13,8,medical,RENT,0.658,0
24,53604.19,5.6,622,32028.11,12,7535.28,6,home_improvement,RENT,0.738,0
54,22301.91,3.9,640,22540.83,48,11174.69,2,medical,RENT,1.512,0
54,49153.07,0.3,441,25458.07,36,9519.11,5,small_business,OWN,0.712,1
64,50888.87,18.4,826,21139.99,24,3327.86,4,small_business,MORTGAGE,0.481,0
56,60833.42,5.9,629,13641.57,24,14390.62,3,debt_consolidation,MORTGAGE,0.461,0
36,44597.27,11.3,534,19213.37,24,1582.64,4,home_improvement,RENT,0.466,1
58,78930.28,16.8,511,18114.47,12,11993.9,3,small_business,MORTGAGE,0.381,1
40,82495.18,1.0,637,4862.15,12,14959.77,2,home_improvement,MORTGAGE,0.24,0
34,52357.5,3.0,631,19152.27,24,16780.77,3,debt_consolidation,MORTGAGE,0.686,0
27,56379.08,4.4,618,1000.0,48,0.0,4,home_improvement,OWN,0.018,0
24,32809.39,0.6,684,15054.19,36,0.0,3,debt_consolidation,RENT,0.459,0
58,68984.56,13.5,704,19254.74,36,12539.19,2,small_business,RENT,0.461,0
64,40053.54,5.0,638,10114.19,12,16248.66,5,debt_consolidation,RENT,0.658,0
60,49770.71,0.2,606,9952.85,24,9804.76,3,debt_consolidation,RENT,0.397,0
31,33820.89,12.2,548,25766.68,12,829.35,6,small_business,RENT,0.786,1
30,63393.85,4.5,720,12516.76,24,10487.02,3,medical,MORTGAGE,0.363,0
51,54297.79,1.2,637,11009.31,36,9205.47,2,auto,RENT,0.372,0
58,43945.83,5.2,672,32592.4,48,10356.39,3,debt_consolidation,RENT,0.977,0
29,58032.58,2.9,684,18823.19,36,5667.93,3,medical,MORTGAGE,0.422,0
38,48991.31,7.6,596,7547.76,60,0.0,7,small_business,MORTGAGE,0.154,0
49,23924.21,3.9,659,25051.81,36,13614.05,5,debt_consolidation,RENT,1.616,0
26,52084.63,1.8,579,11669.43,24,10970.83,7,medical,OWN,0.435,0
33,81392.04,1.5,484,1000.0,36,9287.17,4,auto,MORTGAGE,0.126,1
32,53621.38,2.7,389,6410.19,36,5508.64,3,home_improvement,OWN,0.222,1
46,46674.01,2.4,498,1000.0,24,13998.94,4,education,MORTGAGE,0.321,0
33,115079.08,8.8,651,23487.46,36,1561.05,2,small_business,MORTGAGE,0.218,0
37,,,731,19132.62,60,7242.51,3,education,RENT,0.38,0
56,19777.58,0.5,515,15276.08,48,648.9,4,debt_consolidation,RENT,0.805,0
28,49355.07,1.9,622,30065.46,36,6341.29,6,debt_consolidation,MORTGAGE,0.738,1
42,51337.68,1.9,661,28664.91,36,1260.82,2,small_business,RENT,0.583,0
42,46385.57,8.6,727,10540.57,24,16774.24,3,medical,RENT,0.589,0
59,30341.91,0.3,679,12177.92,36,21268.42,5,debt_consolidation,MORTGAGE,1.102,0
42,12000.0,2.1,700,4354.66,36,19918.46,6,small_business,MORTGAGE,2.023,0
23,39925.46,7.1,582,10057.28,48,0.0,4,debt_consolidation,OWN,0.252,0
25,45145.88,2.0,793,15785.17,60,9889.93,1,small_business,RENT,0.569,0
22,64178.19,5.9,674,8141.63,24,7529.42,6,home_improvement,OWN,0.244,0
52,34612.31,1.6,727,29707.27,12,5286.37,2,debt_consolidation,OWN,1.011,0
60,32618.87,0.8,727,15625.42,36,0.0,3,education,MORTGAGE,0.479,0
59,66843.13,1.6,621,12656.22,36,4951.82,3,debt_consolidation,MORTGAGE,0.263,0
42,35673.38,6.9,563,9844.6,12,6706.41,4,education,RENT,0.464,1
63,73275.62,16.0,716,14450.12,48,16158.31,3,debt_consolidation,MORTGAGE,0.418,0
50,47553.13,7.8,643,37265.63,48,4082.77,4,auto,MORTGAGE,0.87,0
49,12000.0,4.9,539,24804.05,36,10251.14,4,small_business,RENT,2.921,1
32,40341.75,1.4,615,10706.95,12,4678.85,2,home_improvement,MORTGAGE,0.381,0
57,60999.35,5.2,811,14270.79,36,9310.4,4,debt_consolidation,MORTGAGE,0.387,0
34,77399.46,3.0,590,24779.7,36,4840.22,1,home_improvement,OWN,0.383,0
37,56484.86,5.2,631,34073.16,24,0.0,4,home_improvement,OWN,0.603,0
57,73845.58,2.4,647,17779.67,12,14000.22,5,home_improvement,MORTGAGE,0.43,0
55,69122.47,14.5,553,8041.28,60,11630.59,3,auto,RENT,0.285,0
26,56725.45,4.3,634,1000.0,36,6910.65,9,auto,MORTGAGE,0.139,0
34,29355.23,0.3,491,20549.36,12,20793.11,3,auto,OWN,1.408,1
59,55733.21,7.1,728,1000.0,36,16482.65,5,small_business,OWN,0.314,0
36,27247.99,8.8,776,11757.51,12,5871.79,6,debt_consolidation,MORTGAGE,0.647,0
51,37484.24,0.4,798,16743.88,12,5277.89,8,debt_consolidation,MORTGAGE,0.587,0
21,50392.04,12.0,719,15969.73,48,6861.54,2,education,RENT,0.453,0
50,56921.28,0.4,734,1000.0,36,7712.12,6,debt_consolidation,RENT,0.153,0
47,92990.34,12.5,627,4861.74,36,10779.35,6,medical,MORTGAGE,0.168,0
25,70480.12,0.7,566,4812.6,48,17696.61,2,home_improvement,RENT,0.319,1
51,53544.85,5.1,624,1315.84,36,4076.91,6,medical,RENT,0.101,0
53,55832.96,6.4,667,15928.1,24,10058.07,3,home_improvement,MORTGAGE,0.465,0
31,59085.24,2.4,794,7381.39,36,5041.26,5,small_business,MORTGAGE,0.21,0
62,22642.29,4.7,714,15975.58,24,6031.04,4,home_improvement,RENT,0.972,0
60,60268.5,4.6,581,1282.68,36,6232.87,3,education,MORTGAGE,0.125,0
26,67586.04,1.1,807,28128.13,12,9784.4,2,medical,MORTGAGE,0.561,0
50,14666.49,1.8,575,9234.31,60,5288.65,7,debt_consolidation,RENT,0.99,0
34,83872.99,0.9,814,20993.54,12,0.0,7,small_business,RENT,0.25,0
59,53577.31,3.0,773,1000.0,48,15594.79,0,home_improvement,MORTGAGE,0.31,0
57,40407.3,0.2,658,22092.44,48,14290.41,2,education,MORTGAGE,0.9,0
26,53363.89,1.7,724,4705.01,12,7816.53,4,medical,RENT,0.235,0
29,23837.05,7.2,669,8081.54,60,10882.11,7,home_improvement,OWN,0.796,0
29,26031.53,7.1,512,22818.08,24,7240.03,4,medical,MORTGAGE,1.155,1
35,47588.25,12.0,649,14114.97,48,0.0,5,medical,RENT,0.297,0
23,75385.32,1.6,687,13613.64,36,3711.95,3,debt_consolidation,RENT,0.23,0
24,59889.85,5.4,563,8850.9,36,8800.66,2,medical,RENT,0.295,0
30,108021.07,12.9,771,1000.0,24,3807.82,0,education,MORTGAGE,0.045,0
50,48666.35,4.3,850,26019.5,36,9209.5,3,auto,OWN,0.724,0
51,103124.75,1.0,636,18791.88,48,7795.36,5,home_improvement,OWN,0.258,0
34,50203.21,1.2,603,11205.52,12,8515.56,4,small_business,MORTGAGE,0.393,0
24,37236.42,18.0,649,19960.59,36,11419.41,2,home_improvement,MORTGAGE,0.843,0
52,30620.38,4.1,673,11645.32,48,6221.61,6,home_improvement,MORTGAGE,0.583,0
54,71109.16,6.3,702,31560.33,60,14663.08,3,medical,OWN,0.65,0
27,12000.0,0.9,768,18989.62,36,12200.44,3,home_improvement,RENT,2.599,0
41,19679.77,,596,21102.18,24,15667.19,3,small_business,MORTGAGE,1.868,1
42,,2.8,672,25105.43,48,9308.75,2,debt_consolidation,OWN,0.566,0
54,41475.0,0.7,665,25859.29,12,3554.87,3,home_improvement,RENT,0.709,0
63,69075.32,9.8,632,1000.0,36,16250.33,3,small_business,OWN,0.25,0
60,28531.08,4.1,698,17670.74,48,1472.47,5,debt_consolidation,RENT,0.671,0
61,61267.58,12.1,689,12747.87,48,15049.97,2,auto,RENT,0.454,0
45,64765.37,4.6,703,10501.44,12,0.0,4,debt_consolidation,RENT,0.162,0
32,25005.8,1.7,788,1000.0,24,11205.81,3,auto,MORTGAGE,0.488,0
61,59414.34,3.3,714,30061.74,48,13259.24,4,small_business,MORTGAGE,0.729,0
26,45889.33,2.2,750,22029.71,36,14754.54,3,debt_consolidation,OWN,0.802,0
34,20540.31,4.8,685,15337.71,48,5721.71,5,debt_consolidation,MORTGAGE,1.025,0
23,44460.88,33.6,753,16591.97,36,5761.64,3,education,MORTGAGE,0.503,0
48,54336.83,15.3,629,18582.56,48,2571.76,6,education,OWN,0.389,0
62,58341.31,16.9,550,22145.52,36,5154.21,7,auto,OWN,0.468,1
61,59308.6,14.1,587,25903.93,12,7905.55,1,debt_consolidation,MORTGAGE,0.57,1
51,106704.53,11.1,702,25764.94,12,2148.0,8,small_business,MORTGAGE,0.262,0
43,69744.84,4.6,488,4817.35,60,10486.17,9,small_business,MORTGAGE,0.219,1
35,66765.13,7.4,711,13673.76,24,0.0,7,home_improvement,RENT,0.205,0
22,63974.35,2.1,515,7136.98,24,12777.08,6,small_business,MORTGAGE,0.311,1
63,31312.82,10.5,641,19814.74,36,9150.63,2,medical,RENT,0.925,0
61,52406.77,7.5,498,22714.17,12,0.0,5,debt_consolidation,RENT,0.433,0
28,80243.01,0.2,675,1000.0,36,15066.24,10,education,MORTGAGE,0.2,0
58,81692.96,6.3,581,18671.97,24,422.93,4,auto,RENT,0.234,0
37,17625.32,5.0,548,1000.0,24,4374.26,6,auto,RENT,0.305,0
43,,2.5,755,11206.73,24,12283.48,2,auto,RENT,0.455,0
27,12000.0,2.2,617,25354.38,36,10358.03,2,small_business,MORTGAGE,2.976,0
41,47065.75,1.5,599,11397.47,36,9954.11,6,debt_consolidation,MORTGAGE,0.454,0
60,80562.54,2.2,578,9893.73,36,0.0,4,debt_consolidation,RENT,0.123,0
32,30329.63,1.3,483,14400.95,12,5926.74,2,debt_consolidation,OWN,0.67,1
39,31629.46,0.4,550,26462.99,24,20438.09,4,education,MORTGAGE,1.483,1
23,74003.42,6.2,567,16638.95,60,15670.47,4,auto,MORTGAGE,0.437,1
26,42777.47,3.6,691,6650.09,24,1859.1,5,debt_consolidation,OWN,0.199,0
22,80764.65,1.5,703,16002.52,60,0.0,5,medical,OWN,0.198,0
55,57121.54,2.6,673,7225.21,60,2019.49,5,debt_consolidation,MORTGAGE,0.162,0
33,49681.51,4.3,636,22634.68,48,6481.16,4,medical,RENT,0.586,0
25,31040.24,2.9,619,11898.05,36,16336.66,3,home_improvement,MORTGAGE,0.91,0
57,81223.09,1.4,803,19068.88,24,0.0,1,auto,MORTGAGE,0.235,0
51,47803.4,1.8,725,9975.62,24,9835.52,4,home_improvement,RENT,0.414,0
23,59213.15,10.6,495,17220.2,12,16494.48,6,debt_consolidation,MORTGAGE,0.569,1
38,43654.22,0.5,783,33539.26,12,2900.55,4,medical,RENT,0.835,0
26,30390.11,1.8,665,17732.44,24,8023.9,3,debt_consolidation,MORTGAGE,0.848,0
40,79418.45,0.0,540,30174.84,12,13255.02,4,education,RENT,0.547,1
33,35993.07,2.1,635,14157.04,24,0.0,6,medical,RENT,0.393,0
37,41935.52,15.6,400,20735.62,12,9817.37,6,medical,MORTGAGE,0.729,1
42,40418.74,3.5,632,1000.0,24,5431.93,10,education,MORTGAGE,0.159,0
28,58530.48,1.1,746,14979.25,36,2330.78,6,education,MORTGAGE,0.296,0
55,51786.68,2.7,647,23035.06,48,5867.51,2,debt_consolidation,RENT,0.558,0
33,66251.14,4.0,622,30657.28,48,7024.64,3,auto,MORTGAGE,0.569,0
63,12000.0,0.4,643,22546.94,60,8765.41,2,medical,MORTGAGE,2.609,1
55,81267.04,13.7,603,23797.91,60,0.0,6,medical,MORTGAGE,0.293,0
22,54965.89,6.2,616,3754.0,36,4929.31,5,auto,OWN,0.158,0
46,46433.17,5.9,546,13856.67,36,14856.65,7,debt_consolidation,MORTGAGE,0.618,1
46,74550.58,1.3,571,24257.49,60,10374.59,2,debt_consolidation,MORTGAGE,0.465,0
37,64433.39,6.3,745,27989.7,48,8120.74,2,medical,MORTGAGE,0.56,0
50,40909.14,13.6,691,24089.6,12,0.0,2,debt_consolidation,MORTGAGE,0.589,0
37,47190.28,3.1,479,18238.69,48,10701.91,2,medical,MORTGAGE,0.613,1
54,73904.9,1.0,659,19235.39,12,7583.4,1,home_improvement,MORTGAGE,0.363,0
40,70185.21,1.4,578,7696.67,36,15974.43,4,home_improvement,RENT,0.337,1
48,48319.45,0.5,698,6586.02,36,5264.7,5,auto,RENT,0.245,0
38,26931.69,0.6,718,1559.12,24,11744.54,5,debt_consolidation,MORTGAGE,0.494,0
52,28637.77,5.7,726,7864.23,24,10599.05,2,medical,MORTGAGE,0.645,0
44,101422.98,1.2,772,1000.0,24,0.0,4,debt_consolidation,MORTGAGE,0.01,0
39,69372.23,5.7,729,15789.44,36,12116.85,3,small_business,RENT,0.402,0
33,102426.35,2.6,624,8129.86,24,11690.71,3,auto,MORTGAGE,0.194,0
23,100776.85,8.0,562,24766.6,24,12423.09,3,debt_consolidation,OWN,0.369,1
34,12146.56,2.1,541,1613.76,24,9198.18,3,debt_consolidation,MORTGAGE,0.89,1
45,52024.66,0.8,664,27567.13,48,8999.54,5,medical,MORTGAGE,0.703,0
47,75267.45,1.8,686,16904.08,60,5068.07,2,debt_consolidation,RENT,0.292,0
41,89999.91,3.6,597,1639.22,36,5944.27,5,debt_consolidation,OWN,0.084,0
29,66903.25,3.2,626,7255.08,60,4156.05,5,small_business,OWN,0.171,0
24,56435.9,2.4,727,1000.0,48,5055.04,1,small_business,MORTGAGE,0.107,0
30,50796.95,2.4,552,8475.86,36,5793.49,4,education,RENT,0.281,0
25,70710.28,12.7,581,16967.5,36,8211.63,5,small_business,MORTGAGE,0.356,0
43,40139.41,3.5,617,1000.0,24,2036.11,3,debt_consolidation,OWN,0.076,1
52,57758.04,3.8,565,14634.48,24,9511.28,8,education,MORTGAGE,0.418,0
35,39268.94,0.8,620,21368.28,48,15264.67,3,debt_consolidation,OWN,0.933,1
51,72208.02,0.1,616,2968.93,36,25121.74,3,small_business,MORTGAGE,0.389,0
31,71342.91,7.6,762,14619.67,12,12308.6,5,debt_consolidation,RENT,0.377,0
29,49067.88,13.1,568,9461.83,24,13077.49,1,auto,OWN,0.459,0
37,58845.99,1.3,668,18177.06,36,8153.99,4,debt_consolidation,RENT,0.447,0
45,74780.99,3.3,571,10945.83,24,8256.18,7,medical,OWN,0.257,0
48,60528.72,0.0,590,23768.36,48,2192.17,7,auto,MORTGAGE,0.429,0
57,55878.6,2.0,566,21682.0,36,9202.7,8,home_improvement,MORTGAGE,0.553,0
31,28954.53,0.9,538,13458.45,48,8896.0,3,debt_consolidation,MORTGAGE,0.772,1
33,40535.33,0.4,766,7073.16,12,2483.44,6,auto,RENT,0.236,0
61,36956.11,0.8,754,9543.43,36,8822.8,2,home_improvement,RENT,0.497,0
49,13218.12,3.6,690,35195.29,24,8753.27,5,small_business,MORTGAGE,3.325,0
62,93605.06,4.9,619,8266.11,48,16.16,5,auto,MORTGAGE,0.088,0
41,19679.77,,596,21102.18,24,15667.19,3,small_business,MORTGAGE,1.868,1
45,47209.63,1.3,645,1000.0,60,9911.04,2,debt_consolidation,MORTGAGE,0.231,0
55,49157.97,14.2,692,1000.0,48,3981.47,3,education,MORTGAGE,0.101,0
60,39439.55,3.1,652,13647.73,48,1473.93,8,small_business,RENT,0.383,0
36,50986.8,0.5,561,17011.73,24,6356.7,4,debt_consolidation,RENT,0.458,0
30,78286.66,3.1,695,7009.3,24,19769.78,1,debt_consolidation,RENT,0.342,0
55,46653.1,0.5,511,3604.28,36,0.0,6,education,MORTGAGE,0.077,0
46,55198.84,3.8,754,11350.14,12,3945.19,1,debt_consolidation,RENT,0.277,0
31,,2.6,665,2564.07,24,2438.46,4,medical,OWN,0.188,0
23,79225.43,1.9,464,11559.73,36,0.0,8,debt_consolidation,OWN,0.146,1
36,50844.27,2.2,712,1389.32,36,0.0,3,debt_consolidation,MORTGAGE,0.027,0
28,53539.47,10.1,694,15467.93,12,174.27,4,medical,MORTGAGE,0.292,0
29,51460.09,0.4,773,1000.0,12,3430.13,3,debt_consolidation,MORTGAGE,0.086,0
25,28334.02,1.2,619,30179.37,36,2396.35,2,auto,OWN,1.15,0
38,64536.77,1.4,726,13177.29,48,8392.91,10,education,RENT,0.334,0
58,25211.6,0.3,643,16542.69,48,4408.11,7,small_business,RENT,0.831,0
54,46606.47,9.3,648,15666.04,60,6263.38,5,debt_consolidation,RENT,0.471,0
26,28603.09,2.4,668,15442.78,24,4225.06,6,home_improvement,RENT,0.688,0
48,64422.89,0.3,569,8472.81,12,9489.55,4,education,RENT,0.279,0
63,19418.02,1.1,609,9324.8,60,14147.84,1,small_business,RENT,1.209,0
49,60540.41,10.1,686,13358.43,24,9406.16,3,home_improvement,MORTGAGE,0.376,0
49,26441.21,6.1,695,1083.5,36,8898.98,8,debt_consolidation,RENT,0.378,0
29,17923.16,0.7,683,18350.47,36,12859.61,1,debt_consolidation,RENT,1.741,0
44,63834.33,2.6,632,4185.68,48,241.94,7,auto,RENT,0.069,0
39,43411.38,2.6,613,8305.27,24,8638.86,6,education,OWN,0.39,0
37,56704.42,3.5,607,10655.85,24,16562.9,9,small_business,MORTGAGE,0.48,0
38,16624.72,4.5,696,15013.17,12,11281.97,6,medical,MORTGAGE,1.582,0
35,72161.72,1.6,671,3288.73,36,15504.25,3,medical,RENT,0.26,0
34,33268.21,2.3,639,20943.79,36,7126.73,4,education,MORTGAGE,0.844,0
59,12000.0,0.8,708,15902.31,24,11986.72,4,debt_consolidation,RENT,2.324,0
44,59941.77,6.5,691,31191.58,36,3131.73,2,small_business,MORTGAGE,0.573,0
34,67282.42,1.6,764,9528.06,24,0.0,4,debt_consolidation,RENT,0.142,0
48,105609.02,0.2,689,18940.41,36,10462.58,3,auto,MORTGAGE,0.278,0
27,66734.82,1.6,664,9298.92,24,7004.64,4,debt_consolidation,RENT,0.244,0
25,30760.55,10.2,595,28789.47,36,5944.46,6,debt_consolidation,MORTGAGE,1.129,1
53,56239.4,5.7,623,18925.38,60,6639.88,2,education,OWN,0.455,0
51,74487.67,1.9,699,15593.44,36,6551.48,6,home_improvement,MORTGAGE,0.297,0
56,42563.73,8.0,620,15753.29,24,9746.31,5,home_improvement,RENT,0.599,0
64,39811.49,4.3,470,8531.82,24,0.0,7,auto,RENT,0.214,1
43,27646.87,1.0,850,16870.92,24,5007.85,6,debt_consolidation,MORTGAGE,0.791,0
63,67084.94,0.6,701,21624.71,12,1831.51,2,debt_consolidation,OWN,0.35,0
42,21460.53,1.8,616,13335.79,48,14015.03,3,auto,OWN,1.274,1
28,40563.69,1.8,652,30928.12,36,17261.23,7,home_improvement,RENT,1.188,0
45,50271.97,8.8,657,11737.79,60,8435.67,8,small_business,OWN,0.401,0
26,52863.4,27.9,622,14234.23,36,4777.04,1,medical,MORTGAGE,0.36,0
59,40690.91,21.8,649,7247.73,36,2841.05,5,home_improvement,RENT,0.248,0
25,21127.34,1.4,692,18313.67,48,8097.61,3,auto,RENT,1.25,0
45,81718.54,7.1,644,1000.0,36,8769.35,4,education,RENT,0.12,0
60,25429.48,1.3,649,20461.47,36,3128.72,3,auto,MORTGAGE,0.928,0
53,55040.61,5.7,622,27406.41,36,19371.94,5,medical,RENT,0.85,0
59,49744.62,0.5,741,23574.84,36,7415.09,0,small_business,MORTGAGE,0.623,0
44,61916.44,4.7,622,1000.0,24,0.0,6,home_improvement,MORTGAGE,0.016,0
33,99629.84,0.3,556,21553.55,24,7365.75,4,small_business,OWN,0.29,1
41,73289.68,5.0,824,19784.99,24,11333.76,3,small_business,MORTGAGE,0.425,0
50,62178.04,5.0,612,13555.83,60,5237.56,6,medical,OWN,0.302,0
62,68196.9,1.3,561,7182.63,48,6391.69,8,small_business,MORTGAGE,0.199,0
28,38009.31,6.6,742,1000.0,12,7608.81,9,medical,RENT,0.226,0
49,55030.35,0.1,686,1000.0,24,19469.57,2,debt_consolidation,RENT,0.372,0
33,66489.36,6.7,655,19792.18,12,13608.02,0,medical,RENT,0.502,0
40,35009.69,1.2,597,14005.2,24,9614.11,3,small_business,RENT,0.675,0
25,13321.59,4.2,645,31956.01,12,4653.33,6,debt_consolidation,MORTGAGE,2.748,1
35,67075.33,3.1,582,15654.69,36,7074.02,3,auto,MORTGAGE,0.339,1
31,75269.69,5.6,665,29816.96,36,9737.92,5,medical,RENT,0.526,1
37,25838.78,7.3,574,11925.18,36,0.0,8,education,MORTGAGE,0.462,1
44,74330.16,4.4,645,11124.16,12,7501.53,5,home_improvement,RENT,0.251,0
33,41135.19,0.1,557,16259.04,36,13467.65,4,auto,RENT,0.723,0
38,85508.68,1.1,688,1000.0,48,11434.2,3,auto,RENT,0.145,0
60,91772.62,,505,8433.3,36,755.72,5,small_business,MORTGAGE,0.1,1
24,19083.72,19.9,657,6596.22,60,4086.29,3,medical,RENT,0.56,0
42,50135.51,4.6,661,11599.31,36,1848.35,3,debt_consolidation,RENT,0.268,0
51,28496.75,7.2,747,19514.76,12,14226.3,10,debt_consolidation,OWN,1.184,0
50,73999.13,13.5,539,21870.94,36,7687.94,3,education,RENT,0.399,0
49,67752.15,4.3,635,25567.69,24,3689.46,5,medical,RENT,0.432,0
23,12000.0,8.3,626,5696.38,12,1763.77,5,auto,OWN,0.622,0
54,38253.9,0.2,715,13011.9,36,4306.9,3,debt_consolidation,RENT,0.453,0
59,83374.64,2.5,642,14320.41,60,13209.38,4,debt_consolidation,RENT,0.33,0
38,30879.15,2.4,652,17070.54,24,18010.87,5,debt_consolidation,RENT,1.136,0
36,58746.56,0.9,714,39506.54,60,18683.75,6,auto,RENT,0.991,0
30,62342.01,4.3,753,7080.32,24,14033.35,3,debt_consolidation,RENT,0.339,0
31,76073.41,3.0,513,10158.23,24,263.75,7,home_improvement,OWN,0.137,1
49,81940.86,1.3,595,19838.27,60,0.0,9,medical,RENT,0.242,1
40,43843.29,4.2,612,1000.0,36,10464.99,2,home_improvement,RENT,0.261,0
57,29202.73,3.5,664,30896.16,48,5409.68,4,home_improvement,MORTGAGE,1.243,0
38,37858.66,9.1,702,7928.7,48,12602.88,5,home_improvement,MORTGAGE,0.542,0
21,26419.43,4.2,731,6003.16,60,9468.2,3,debt_consolidation,MORTGAGE,0.586,0
49,80550.77,0.2,505,21446.98,24,0.0,5,home_improvement,RENT,0.266,1
38,43163.18,7.5,679,20269.84,24,5251.04,2,education,MORTGAGE,0.591,0
23,84517.42,10.0,580,1000.0,24,6266.91,7,auto,RENT,0.086,1
56,59160.03,2.1,539,17057.44,24,21012.57,2,home_improvement,MORTGAGE,0.644,1
45,79311.34,4.2,727,5004.03,48,7434.95,5,education,MORTGAGE,0.157,0
57,80597.19,0.8,723,15328.5,36,11536.02,5,home_improvement,RENT,0.333,0
47,46779.43,8.3,688,18266.72,60,13277.78,4,debt_consolidation,MORTGAGE,0.674,0
64,38675.87,9.3,663,12818.61,60,17856.0,3,debt_consolidation,RENT,0.793,0
47,63591.5,8.6,718,28315.74,48,0.0,5,medical,RENT,0.445,0
57,37345.16,5.4,591,15035.65,48,4298.41,3,debt_consolidation,MORTGAGE,0.518,0
31,62645.67,7.2,676,11201.35,24,10056.49,4,auto,OWN,0.339,0
44,106331.38,2.5,543,3749.77,12,0.0,3,small_business,RENT,0.035,1
52,35753.95,4.1,731,12417.07,24,10129.17,3,home_improvement,RENT,0.631,0
46,81995.1,5.4,583,22528.68,24,759.9,4,debt_consolidation,RENT,0.284,1
53,74854.32,0.6,626,5929.78,60,6314.82,9,debt_consolidation,RENT,0.164,0
28,43840.03,2.6,610,21993.74,36,5909.1,2,debt_consolidation,MORTGAGE,0.636,0
55,35324.3,0.8,766,32359.6,36,10470.35,1,medical,OWN,1.212,0
59,64270.36,1.6,502,1000.0,12,14136.56,4,home_improvement,MORTGAGE,0.236,1
55,38249.03,2.2,366,20657.4,12,6815.0,0,debt_consolidation,MORTGAGE,0.718,1
56,50874.25,6.5,727,14797.78,48,17316.98,9,debt_consolidation,MORTGAGE,0.631,0
29,72827.59,4.8,600,1000.0,24,12430.39,4,education,RENT,0.184,1
37,69181.82,5.2,582,12577.78,48,13319.05,5,small_business,RENT,0.374,0
31,33588.67,0.5,668,11027.77,12,0.0,3,small_business,OWN,0.328,0
44,87005.83,2.9,716,22774.84,12,12515.83,7,medical,OWN,0.406,0
48,28911.07,6.6,817,15971.87,48,4874.41,2,debt_consolidation,MORTGAGE,0.721,0
37,28468.0,5.2,720,17755.18,36,10541.87,3,education,MORTGAGE,0.994,0
40,58249.39,3.9,583,2594.63,24,12425.84,5,auto,RENT,0.258,0
33,95948.94,4.6,588,15269.95,24,5760.36,4,small_business,RENT,0.219,0
29,46822.32,27.1,746,14572.52,36,9121.0,6,home_improvement,MORTGAGE,0.506,0
47,27718.67,9.1,592,21123.08,12,15095.1,1,auto,MORTGAGE,1.307,0
22,38651.05,5.2,752,14817.84,48,10047.36,6,debt_consolidation,RENT,0.643,0
44,78972.63,2.5,402,1000.0,60,11764.11,3,auto,RENT,0.162,1
47,63998.62,0.5,798,24773.85,48,1375.44,2,medical,RENT,0.409,0
63,78890.39,4.2,573,20974.57,48,9193.37,4,home_improvement,OWN,0.382,0
48,47233.65,4.0,689,21399.41,48,4322.06,2,small_business,MORTGAGE,0.545,0
34,65979.88,3.0,649,1000.0,24,15135.17,1,small_business,RENT,0.245,0
46,12000.0,0.9,752,13880.12,12,4082.59,7,debt_consolidation,RENT,1.497,0
22,58062.74,8.5,683,1000.0,60,907.1,4,debt_consolidation,RENT,0.033,0
41,38614.75,7.7,566,15623.43,24,6921.46,2,debt_consolidation,MORTGAGE,0.584,0
25,54591.72,0.6,618,25846.06,36,9095.69,4,education,OWN,0.64,0
51,37847.56,7.9,781,25344.68,60,1962.27,3,debt_consolidation,RENT,0.721,0
24,56344.54,1.8,690,22442.49,48,116.33,4,small_business,OWN,0.4,0
25,62810.49,15.7,623,10815.66,24,5870.87,4,small_business,MORTGAGE,0.266,0
41,67747.74,8.1,571,18696.07,48,3262.68,5,education,RENT,0.324,1
60,50435.49,3.5,671,12333.76,36,6656.68,2,debt_consolidation,MORTGAGE,0.377,0
28,73144.48,1.2,634,13586.09,36,14003.62,4,education,RENT,0.377,0
51,65517.98,0.1,520,11122.64,12,6820.46,1,small_business,RENT,0.274,1
46,89498.31,1.4,764,11546.84,24,0.0,1,auto,RENT,0.129,0
47,62165.56,2.8,520,34812.52,24,3859.76,7,medical,MORTGAGE,0.622,1
38,27767.94,2.8,629,21358.36,24,4655.77,7,small_business,OWN,0.937,0
58,55586.98,3.7,591,13906.32,24,7516.76,9,small_business,RENT,0.385,0
22,55371.6,3.4,520,4909.19,60,11486.87,6,home_improvement,MORTGAGE,0.296,1
38,80198.56,6.7,781,27513.0,12,3581.76,5,debt_consolidation,RENT,0.388,0
54,82994.72,1.1,603,6488.51,48,0.0,2,auto,RENT,0.078,0
44,30682.23,5.8,664,12751.77,24,15702.7,6,auto,RENT,0.927,0
22,49962.38,0.3,667,29381.15,36,1170.52,6,auto,MORTGAGE,0.611,1
50,14286.1,0.9,745,20767.99,48,18238.28,3,home_improvement,MORTGAGE,2.73,0
44,41133.13,1.8,776,8134.3,12,12285.7,3,debt_consolidation,MORTGAGE,0.496,0
60,30081.28,2.3,524,16336.48,36,2584.32,5,small_business,MORTGAGE,0.629,1
53,37266.51,2.1,751,16570.78,24,3465.94,5,debt_consolidation,MORTGAGE,0.538,0
37,44168.12,17.0,662,9358.87,48,0.0,6,auto,RENT,0.212,0
47,47060.39,0.6,598,22371.49,36,7879.84,7,medical,RENT,0.643,1
62,,5.0,540,15107.43,36,18564.99,7,auto,MORTGAGE,0.874,1
21,38521.31,0.5,453,1000.0,60,4999.77,5,debt_consolidation,RENT,0.156,1
32,39519.6,,758,26833.1,24,6598.69,4,debt_consolidation,RENT,0.846,0
45,18914.13,0.6,615,26252.58,12,15272.93,3,home_improvement,RENT,2.195,0
43,63284.63,1.7,640,2989.91,48,17916.11,4,medical,MORTGAGE,0.33,0
50,65723.11,3.3,704,1000.0,24,8185.24,2,education,MORTGAGE,0.14,0
46,30919.1,2.1,678,15271.32,24,8617.97,7,debt_consolidation,RENT,0.773,0
42,68389.36,0.8,563,19397.52,48,6538.25,4,auto,MORTGAGE,0.379,1
50,12000.0,17.1,590,20633.73,48,11032.52,7,home_improvement,RENT,2.639,1
30,,8.0,710,29174.54,36,2157.03,9,medical,OWN,0.374,0
51,76360.71,6.8,591,1000.0,48,3416.32,4,medical,RENT,0.058,0
34,29202.98,12.0,587,15549.78,48,10054.48,3,debt_consolidation,RENT,0.877,1
34,28280.04,5.7,654,22185.48,12,6459.83,0,home_improvement,RENT,1.013,1
38,24188.82,2.4,608,10435.06,48,3411.5,5,home_improvement,MORTGAGE,0.572,0
61,12492.32,5.8,583,24801.89,36,7845.61,0,home_improvement,OWN,2.613,0
28,,11.4,521,32813.58,24,6456.7,3,medical,MORTGAGE,2.903,1
39,41834.63,10.6,676,10585.29,12,504.98,4,education,MORTGAGE,0.265,0
22,45959.51,3.5,718,9233.84,48,12018.11,3,medical,RENT,0.462,0
54,56926.72,10.0,588,26374.68,60,3519.78,7,small_business,MORTGAGE,0.525,1
60,62902.03,6.4,661,17803.4,24,0.0,5,education,RENT,0.283,0
53,62500.96,0.3,743,16946.99,36,18166.84,4,medical,RENT,0.562,0
26,79762.93,16.9,681,15107.33,48,3177.18,6,auto,OWN,0.229,0
39,33741.13,1.8,711,14919.3,48,9984.16,6,home_improvement,RENT,0.738,0
59,39351.43,5.0,661,25688.77,24,8683.39,7,education,OWN,0.873,0
64,13958.01,6.7,539,8209.22,48,13770.56,4,small_business,RENT,1.575,0
55,12000.0,6.6,774,8465.48,36,11543.99,5,medical,MORTGAGE,1.667,0
48,,4.5,616,10556.45,12,7118.26,6,debt_consolidation,MORTGAGE,0.24,0
29,55175.21,3.2,779,18338.18,12,19411.19,3,home_improvement,MORTGAGE,0.684,0
51,31605.16,8.5,746,21343.75,60,15324.52,1,education,OWN,1.16,0
32,26911.0,6.0,729,20579.09,24,11996.54,4,home_improvement,OWN,1.21,0
37,59659.98,14.8,668,25737.93,48,6321.25,2,medical,RENT,0.537,0
40,60204.8,0.3,657,8934.71,12,8454.94,3,auto,MORTGAGE,0.289,0
40,100332.29,4.4,602,12528.2,48,2790.32,2,education,RENT,0.153,0
30,39455.67,1.1,513,18727.96,24,5860.17,5,auto,RENT,0.623,1
55,59053.45,2.6,658,18335.39,36,12889.24,3,home_improvement,MORTGAGE,0.529,0
44,76936.06,3.2,782,13227.67,48,5614.1,5,education,RENT,0.245,0
21,89836.23,11.5,658,1000.0,36,4462.96,3,home_improvement,RENT,0.061,0
39,63838.97,1.4,570,12985.77,36,7882.91,4,debt_consolidation,RENT,0.327,0
36,82009.86,1.3,661,1000.0,48,1651.79,8,auto,OWN,0.032,0
34,87822.23,11.0,659,20301.22,36,6218.87,3,home_improvement,MORTGAGE,0.302,0
29,40797.47,8.6,645,27909.67,12,12116.73,5,home_improvement,OWN,0.981,0
40,80164.41,8.1,637,20186.7,48,5442.04,7,debt_consolidation,RENT,0.32,0
33,60107.43,1.6,587,18082.67,48,307.32,2,home_improvement,MORTGAGE,0.306,0
30,58455.18,4.8,611,20666.74,12,613.75,4,auto,MORTGAGE,0.364,0
58,37099.8,0.4,651,10509.44,48,687.09,3,home_improvement,RENT,0.302,0
44,39427.24,5.4,741,16111.25,60,8797.15,4,debt_consolidation,OWN,0.632,0
30,58105.72,9.0,722,3637.28,60,5060.06,6,auto,MORTGAGE,0.15,0
39,,1.2,590,24337.15,60,7862.2,4,debt_consolidation,RENT,0.385,0
37,81571.8,0.3,609,6887.67,24,14250.76,3,medical,RENT,0.259,0
31,29576.24,1.4,631,23564.02,36,10778.58,4,small_business,OWN,1.161,0
57,80429.47,12.3,763,17701.36,48,7986.72,4,debt_consolidation,MORTGAGE,0.319,0
58,45490.77,0.3,622,19581.26,24,1704.66,2,debt_consolidation,RENT,0.468,0
32,51488.92,1.1,726,9209.08,36,671.43,3,medical,MORTGAGE,0.192,0
27,42829.77,1.5,613,20283.88,48,6663.07,6,auto,MORTGAGE,0.629,0
50,12000.0,6.5,579,10999.7,24,6763.49,7,medical,RENT,1.48,0
49,83388.1,20.6,634,6475.17,24,8735.49,6,small_business,MORTGAGE,0.182,0
46,60290.37,9.6,676,20498.68,24,13516.65,4,debt_consolidation,MORTGAGE,0.564,0
58,61089.46,4.1,567,16669.42,12,4139.62,4,auto,OWN,0.341,1
60,61115.63,1.2,684,12812.3,36,8543.5,8,debt_consolidation,RENT,0.349,0
32,76839.15,0.1,743,18610.86,24,7874.96,4,debt_consolidation,MORTGAGE,0.345,0
64,52094.09,2.9,584,17513.84,12,11967.42,4,home_improvement,RENT,0.566,1
62,81790.47,1.2,850,15797.46,12,0.0,7,education,RENT,0.193,0
61,21442.98,6.9,654,3022.72,60,3270.71,3,home_improvement,RENT,0.293,0
44,88447.46,10.8,562,32757.94,24,20134.92,6,home_improvement,OWN,0.598,0
27,47707.96,4.2,753,14448.94,24,13314.36,5,home_improvement,MORTGAGE,0.582,0
48,48248.61,2.1,549,20357.05,48,1188.65,2,home_improvement,MORTGAGE,0.447,1
63,83366.73,0.7,829,25450.87,48,10435.79,0,home_improvement,RENT,0.43,0
28,42670.14,2.0,486,11683.95,48,1208.68,4,debt_consolidation,RENT,0.302,1
48,,12.0,572,9630.57,36,10283.93,4,auto,MORTGAGE,0.488,1
61,42095.59,2.8,654,30230.97,24,25502.2,3,home_improvement,MORTGAGE,1.324,0
58,12000.0,9.8,493,15313.76,12,5331.85,6,auto,RENT,1.72,1
45,47613.92,17.0,633,11175.58,48,2618.71,5,debt_consolidation,MORTGAGE,0.29,0
21,43560.55,3.3,666,15780.58,36,0.0,3,education,RENT,0.362,0
47,64852.96,17.5,468,10209.64,48,330.21,2,home_improvement,OWN,0.163,1
32,57128.5,2.2,745,8752.41,12,4854.31,3,debt_consolidation,OWN,0.238,0
53,49791.09,0.2,561,21409.71,24,0.0,1,medical,RENT,0.43,1
21,54954.16,9.5,719,10069.66,48,3953.93,2,auto,RENT,0.255,0
63,42884.13,16.9,508,6000.94,24,14464.96,5,home_improvement,MORTGAGE,0.477,0
26,40920.18,2.4,581,25248.46,12,7316.12,4,auto,MORTGAGE,0.796,1
25,36114.1,0.9,698,1000.0,36,7211.05,2,debt_consolidation,RENT,0.227,0
43,72250.81,1.9,531,9253.48,36,11901.39,4,auto,RENT,0.293,1
62,30782.86,0.1,619,1000.0,36,0.0,5,home_improvement,MORTGAGE,0.032,0
60,80131.18,1.9,772,24951.43,12,3315.11,5,auto,RENT,0.353,0
28,40109.76,4.2,638,29943.84,36,14412.12,7,debt_consolidation,OWN,1.106,1
37,82172.68,8.4,669,15904.08,24,4037.18,4,debt_consolidation,OWN,0.243,0
41,55963.15,3.2,689,20494.6,12,6418.67,7,medical,OWN,0.481,0
40,23287.39,2.2,628,20433.34,12,8002.83,2,small_business,OWN,1.221,1
56,33086.9,5.8,518,5845.09,24,15590.09,5,debt_consolidation,RENT,0.648,0
53,53352.73,3.9,596,17697.95,24,19269.66,5,home_improvement,RENT,0.693,1
32,41589.51,3.7,579,8919.99,48,15193.08,2,medical,MORTGAGE,0.58,1
41,18837.7,,640,20328.33,48,9295.32,5,auto,MORTGAGE,1.573,1
57,57702.56,0.3,699,10874.51,36,5479.26,3,home_improvement,MORTGAGE,0.283,0
31,57618.4,,690,8859.2,48,2512.01,6,education,RENT,0.197,0
44,56301.13,1.5,809,27651.42,36,13931.83,3,home_improvement,RENT,0.739,0
45,53017.26,1.4,610,8802.44,12,9080.55,4,medical,MORTGAGE,0.337,0
21,40020.48,0.8,681,11192.45,36,0.0,2,debt_consolidation,OWN,0.28,0
29,40272.98,1.0,765,23054.89,24,15486.27,4,education,RENT,0.957,0
35,58898.81,0.4,747,25488.17,24,5193.22,3,education,OWN,0.521,0
60,61185.95,15.5,798,12382.67,12,4502.6,7,home_improvement,RENT,0.276,0
49,30117.42,5.7,605,15630.8,60,1317.88,3,home_improvement,RENT,0.563,1
50,36459.66,1.4,693,31063.94,36,291.19,0,debt_consolidation,RENT,0.86,0
42,63973.29,4.7,519,13023.58,48,12311.58,4,small_business,RENT,0.396,1
57,32598.51,0.5,594,10711.68,36,0.0,10,debt_consolidation,MORTGAGE,0.329,0
57,64036.77,1.3,558,18072.1,36,5531.81,5,home_improvement,RENT,0.369,1
63,64407.58,6.3,698,14019.84,36,11192.19,3,auto,RENT,0.391,0
59,79484.82,6.5,589,33000.97,60,7802.69,8,small_business,MORTGAGE,0.513,0
62,56187.75,2.0,680,28907.14,36,14643.91,2,auto,RENT,0.775,0
35,12000.0,5.6,680,15224.74,48,0.0,4,debt_consolidation,RENT,1.269,0
37,50773.56,2.2,837,3677.82,24,2552.79,2,home_improvement,MORTGAGE,0.123,0
62,56815.28,0.4,812,9695.48,12,0.0,5,home_improvement,RENT,0.171,0
24,85123.61,,602,18387.19,24,3242.31,2,home_improvement,RENT,0.254,0
52,38812.31,11.3,704,29753.73,60,4238.99,1,home_improvement,MORTGAGE,0.876,0
23,56135.78,2.5,661,16204.1,60,6294.27,4,small_business,OWN,0.401,0
42,36448.27,9.1,746,26616.35,60,16133.97,3,small_business,RENT,1.173,0
21,48934.55,0.5,675,5020.65,24,1782.97,2,debt_consolidation,RENT,0.139,0
25,81924.77,0.7,548,10829.24,12,6647.34,5,debt_consolidation,RENT,0.213,0
57,12000.0,0.8,735,1664.09,48,8388.61,3,home_improvement,MORTGAGE,0.838,0
49,12000.0,1.9,756,18495.81,48,16096.66,3,auto,RENT,2.883,0
49,50986.74,3.1,627,21717.45,12,0.0,2,medical,RENT,0.426,0
23,34697.74,1.9,684,1000.0,24,12367.65,4,medical,MORTGAGE,0.385,0
36,103899.3,4.3,776,11200.11,24,7222.46,4,medical,RENT,0.177,0
40,51721.89,2.2,728,14008.82,24,13182.97,6,medical,RENT,0.526,0
53,33128.04,7.5,701,10451.9,24,21888.39,3,auto,MORTGAGE,0.976,0
48,43915.37,8.2,602,16409.93,36,2361.89,3,education,MORTGAGE,0.427,0
58,44013.55,16.4,647,1427.87,48,6426.06,3,auto,MORTGAGE,0.178,0
48,57021.02,7.0,740,5338.85,48,8592.68,3,small_business,MORTGAGE,0.244,0
21,41133.7,4.2,781,12422.56,36,9523.32,1,debt_consolidation,RENT,0.534,0
54,37949.25,3.1,622,1000.0,60,0.0,3,small_business,RENT,0.026,0
61,72817.57,6.2,642,1000.0,36,8023.93,2,small_business,MORTGAGE,0.124,0
63,73278.75,2.9,664,30645.57,60,4850.99,3,debt_consolidation,MORTGAGE,0.484,0
38,50733.11,9.2,515,15348.32,36,5528.77,4,education,RENT,0.412,1
58,44878.32,13.1,581,1000.0,48,16513.21,2,small_business,MORTGAGE,0.39,0
27,65994.86,8.8,594,9678.26,48,4745.9,3,home_improvement,MORTGAGE,0.219,0
21,27613.71,4.3,462,28453.41,12,8159.62,3,medical,RENT,1.326,1
50,70219.82,6.7,703,24243.41,12,948.32,5,medical,RENT,0.359,0
45,112952.88,2.7,584,23377.87,24,0.0,4,small_business,OWN,0.207,1
61,18334.57,4.0,683,23712.23,48,0.0,4,home_improvement,MORTGAGE,1.293,0
52,18294.07,6.0,598,22036.92,60,10847.92,5,debt_consolidation,OWN,1.798,1
28,29210.27,6.7,561,29680.04,24,12799.47,5,auto,MORTGAGE,1.454,0
55,89055.99,6.9,752,20139.28,36,8318.24,3,small_business,RENT,0.32,0
35,92459.32,4.9,649,23935.9,12,14176.39,2,home_improvement,OWN,0.412,0
51,82364.76,5.4,521,14628.81,24,11896.42,7,home_improvement,MORTGAGE,0.322,0
46,67859.07,0.2,681,14912.71,36,7960.77,3,auto,MORTGAGE,0.337,0
58,81867.18,5.9,627,8651.11,48,21322.88,3,home_improvement,RENT,0.366,0
61,39417.65,0.1,654,9423.27,12,14632.89,2,small_business,MORTGAGE,0.61,0
26,56472.15,8.3,689,18875.11,12,15274.86,8,debt_consolidation,MORTGAGE,0.605,0
28,29066.03,1.4,688,17124.88,24,12866.64,4,debt_consolidation,RENT,1.032,0
22,37571.4,2.9,691,13243.17,24,10736.24,3,small_business,MORTGAGE,0.638,0
25,60435.7,12.8,616,21517.51,48,6156.85,5,debt_consolidation,RENT,0.458,0
43,56833.64,2.2,513,33789.71,60,9728.99,5,debt_consolidation,RENT,0.766,1
30,57277.97,10.6,651,32833.72,24,397.66,4,medical,RENT,0.58,1
32,20650.25,4.4,660,23560.05,48,10842.63,5,auto,OWN,1.666,0
49,42236.84,2.9,622,15870.63,36,8049.17,4,small_business,MORTGAGE,0.566,0
51,39633.25,5.2,591,14546.4,12,5940.84,7,debt_consolidation,RENT,0.517,0
56,71530.27,0.7,639,3293.68,48,13240.37,5,auto,MORTGAGE,0.231,0
52,26142.98,18.3,592,36451.11,48,14462.97,1,auto,MORTGAGE,1.948,1
29,60616.01,3.9,651,13792.87,12,8359.12,5,education,OWN,0.365,0
54,39325.13,8.8,444,15361.07,12,15832.84,3,auto,RENT,0.793,1
44,41778.57,5.7,597,1000.0,36,18077.82,1,home_improvement,MORTGAGE,0.457,1
43,39505.67,0.7,850,10377.5,24,6229.98,5,home_improvement,RENT,0.42,0
21,75789.38,0.9,716,6847.9,24,6265.97,6,debt_consolidation,MORTGAGE,0.173,0
48,68854.5,3.8,598,8748.9,36,7754.07,4,debt_consolidation,OWN,0.24,0
57,48777.38,3.9,618,17775.28,24,0.0,4,medical,MORTGAGE,0.364,0
31,93490.79,2.0,678,15808.06,36,971.51,4,debt_consolidation,RENT,0.179,0
28,12000.0,3.8,629,1000.0,36,8223.76,4,debt_consolidation,MORTGAGE,0.769,1
37,46291.77,4.3,679,13241.02,24,12834.96,7,medical,RENT,0.563,0
36,52589.92,7.6,713,18698.91,24,12899.41,2,debt_consolidation,MORTGAGE,0.601,0
57,59480.79,1.1,628,24708.47,36,1220.21,3,debt_consolidation,RENT,0.436,0
29,72161.55,5.2,744,20834.27,36,17712.01,2,medical,RENT,0.534,0
49,47599.67,0.1,664,26463.35,60,5629.26,1,medical,RENT,0.674,0
52,51880.36,11.9,726,30855.03,24,9256.08,3,auto,RENT,0.773,0
27,50473.99,3.2,678,20194.74,48,10347.14,5,home_improvement,OWN,0.605,1
38,37119.98,6.0,619,16195.36,24,6275.05,7,debt_consolidation,RENT,0.605,0
43,43844.34,2.7,660,28544.48,36,4785.88,4,debt_consolidation,MORTGAGE,0.76,0
55,12000.0,0.6,572,1879.88,12,12333.83,4,debt_consolidation,MORTGAGE,1.184,1
57,35425.59,2.1,750,16143.62,24,6455.66,4,debt_consolidation,RENT,0.638,0
35,29773.38,2.1,603,11581.85,60,0.0,5,auto,MORTGAGE,0.389,0
43,29409.83,3.7,681,14862.86,36,11065.42,5,debt_consolidation,RENT,0.882,0
33,35993.07,2.1,635,14157.04,24,0.0,6,medical,RENT,0.393,0
62,19461.94,4.3,627,18083.15,60,1551.93,5,home_improvement,MORTGAGE,1.009,0
46,80647.73,1.1,685,12565.37,48,1371.99,6,home_improvement,MORTGAGE,0.173,0
32,48315.72,2.5,653,14244.88,36,17208.86,3,auto,MORTGAGE,0.651,0
23,78102.43,2.4,748,14623.08,12,18393.11,7,auto,MORTGAGE,0.423,0
29,70426.1,1.3,752,23234.31,36,11670.46,4,auto,RENT,0.496,0
35,73513.62,,850,11880.74,36,12545.17,5,home_improvement,RENT,0.332,0
62,46533.48,2.2,685,23542.34,12,17406.07,7,debt_consolidation,RENT,0.88,0
32,61692.24,2.8,609,27398.47,36,4420.62,9,small_business,RENT,0.516,1
60,63109.22,0.4,471,19095.6,48,14573.84,5,debt_consolidation,MORTGAGE,0.534,1
27,71524.88,2.5,755,15895.24,60,8421.72,5,auto,RENT,0.34,0
41,72765.68,0.3,555,2027.38,48,8753.05,2,auto,RENT,0.148,1
36,94853.11,2.7,670,25454.48,48,21256.32,1,auto,RENT,0.492,0
62,77631.02,7.1,697,12675.4,48,16561.02,3,home_improvement,MORTGAGE,0.377,0
36,64188.82,3.4,654,23767.11,24,4538.06,1,small_business,RENT,0.441,0
21,56980.94,2.1,617,9173.6,36,3690.81,3,home_improvement,OWN,0.226,0
62,39083.82,0.7,810,12152.98,24,6034.64,2,debt_consolidation,MORTGAGE,0.465,0
55,86777.25,0.7,642,1000.0,48,4646.94,2,debt_consolidation,RENT,0.065,0
62,40433.12,2.1,632,19944.87,36,153.2,8,auto,MORTGAGE,0.497,0
33,80622.63,0.6,617,28828.81,24,7498.62,1,auto,MORTGAGE,0.451,0
50,45531.52,3.5,758,29948.93,12,4738.5,3,debt_consolidation,OWN,0.762,0
25,52733.49,5.7,819,15019.32,12,16382.06,8,home_improvement,RENT,0.595,0
26,52172.84,3.3,702,20332.8,48,11791.65,1,education,MORTGAGE,0.616,0
46,48994.54,1.2,769,12113.28,12,7374.47,7,auto,MORTGAGE,0.398,0
29,71862.28,10.9,609,5070.74,24,5805.95,3,debt_consolidation,RENT,0.151,0
49,49249.2,3.8,777,24008.39,24,4060.31,3,small_business,MORTGAGE,0.57,0
43,58622.41,3.9,776,1000.0,24,8801.93,2,home_improvement,MORTGAGE,0.167,0
44,74351.04,5.2,673,32496.97,36,7535.1,4,auto,RENT,0.538,0
23,45406.82,2.7,470,20300.2,24,53.2,3,home_improvement,RENT,0.448,1
53,77603.27,4.0,666,36949.71,24,8008.8,4,auto,MORTGAGE,0.579,0
46,80700.79,5.1,826,29301.05,24,0.0,1,auto,RENT,0.363,0
29,,15.2,560,4729.51,36,2702.13,4,debt_consolidation,RENT,0.441,0
53,46886.49,3.0,553,35801.33,12,1622.34,3,small_business,MORTGAGE,0.798,1
61,77101.04,7.8,664,21082.84,24,0.0,4,debt_consolidation,MORTGAGE,0.273,0
39,51057.37,8.3,717,18406.52,24,0.0,4,auto,MORTGAGE,0.361,0
63,68829.76,2.0,717,25874.42,60,6167.67,2,auto,MORTGAGE,0.466,0
53,70416.2,2.4,725,14510.97,36,22989.2,5,medical,MORTGAGE,0.533,0
26,70378.3,3.5,666,8679.75,24,10723.93,2,debt_consolidation,OWN,0.276,0
50,43388.91,9.2,688,3471.53,12,7560.27,1,auto,MORTGAGE,0.254,0
56,65267.76,2.2,783,17747.24,12,454.13,5,home_improvement,RENT,0.279,0
41,66920.53,4.3,652,9694.97,24,14856.98,3,debt_consolidation,OWN,0.367,0
29,20090.14,3.2,709,1445.2,48,0.0,5,debt_consolidation,RENT,0.072,0
64,68191.07,15.8,681,18159.47,36,18433.95,6,home_improvement,RENT,0.537,0
35,69893.26,6.6,693,22986.44,48,9854.5,3,auto,MORTGAGE,0.47,0
21,65751.22,1.2,573,6101.36,36,7603.03,4,medical,OWN,0.208,1
40,114125.76,2.0,578,16578.48,12,0.0,4,medical,MORTGAGE,0.145,0
53,41914.92,4.5,593,18522.04,60,0.0,3,debt_consolidation,MORTGAGE,0.442,0
32,44338.17,0.4,610,13966.51,12,7613.76,8,small_business,MORTGAGE,0.487,1
46,80856.23,2.9,600,6796.41,36,12692.8,1,debt_consolidation,MORTGAGE,0.241,0
37,44528.25,0.2,674,5569.71,60,14964.36,3,small_business,RENT,0.461,0
60,57768.63,1.4,608,21367.88,48,9000.69,6,debt_consolidation,OWN,0.526,0
33,36954.69,0.8,614,13737.45,36,7267.09,6,debt_consolidation,MORTGAGE,0.568,0
32,32145.08,2.0,850,15550.46,36,9673.87,5,auto,MORTGAGE,0.785,0
24,37894.14,6.8,738,6409.89,24,15726.98,5,small_business,RENT,0.584,0
26,59341.2,17.0,641,1000.0,36,8144.64,5,home_improvement,OWN,0.154,0
61,90002.42,0.8,519,16287.9,36,2894.13,5,education,RENT,0.213,0
51,48126.72,2.7,570,1000.0,36,18533.15,6,small_business,MORTGAGE,0.406,1
53,74508.11,5.3,620,13401.38,48,11992.14,4,debt_consolidation,RENT,0.341,0
30,45361.58,12.6,735,12900.44,60,10262.16,7,education,RENT,0.511,0
55,67083.08,1.5,654,23787.36,12,4744.94,5,education,MORTGAGE,0.425,0
39,72729.59,0.7,676,15185.06,12,8738.3,3,auto,MORTGAGE,0.329,0
49,97563.53,18.8,578,1000.0,48,12699.62,1,medical,RENT,0.14,0
51,,2.7,637,12822.44,12,3640.78,6,medical,OWN,0.227,0
32,41173.33,2.2,585,8706.27,12,11399.01,11,education,MORTGAGE,0.488,1
40,47299.59,0.9,668,22353.33,12,0.0,5,debt_consolidation,MORTGAGE,0.473,0
35,90714.72,4.9,742,19977.02,24,988.12,1,auto,MORTGAGE,0.231,0
44,32243.8,0.7,668,32072.0,12,5284.52,8,small_business,MORTGAGE,1.159,0
49,54319.34,11.4,650,30427.48,60,5635.25,8,small_business,RENT,0.664,0
43,50178.57,2.6,599,10131.41,48,4974.08,5,auto,MORTGAGE,0.301,0
53,54568.28,0.5,814,17862.61,60,3548.55,4,auto,MORTGAGE,0.392,0
40,45211.19,6.0,712,1000.0,36,10364.56,2,debt_consolidation,RENT,0.251,0
37,58098.23,16.9,584,24808.08,12,21015.62,8,medical,MORTGAGE,0.789,1
57,53704.6,1.2,600,24549.78,60,14201.77,5,education,MORTGAGE,0.722,0
22,91904.18,3.3,535,25368.35,24,2223.35,4,auto,OWN,0.3,1
25,50890.33,8.4,618,37547.39,36,0.0,3,auto,MORTGAGE,0.738,1
30,61973.55,6.8,759,21334.93,60,3213.32,8,debt_consolidation,RENT,0.396,0
21,57673.11,2.0,583,17858.82,24,0.0,3,auto,RENT,0.31,1
58,70155.6,5.3,763,13452.12,24,15202.97,1,home_improvement,MORTGAGE,0.408,0
64,15347.0,1.8,539,1000.0,24,11970.37,6,debt_consolidation,RENT,0.845,0
58,76750.72,0.8,602,29470.69,12,9642.56,5,debt_consolidation,RENT,0.51,1
59,39709.04,2.0,660,6847.62,36,0.0,6,medical,RENT,0.172,0
22,31613.6,0.1,744,13934.93,60,5349.52,2,debt_consolidation,OWN,0.61,0
35,70568.0,3.9,564,22767.55,60,1071.06,4,auto,RENT,0.338,1
28,29826.25,15.5,739,3047.81,36,10694.65,3,debt_consolidation,OWN,0.461,0
48,67122.82,2.0,623,29404.46,48,8316.03,1,small_business,MORTGAGE,0.562,1
31,58532.7,1.5,614,11330.46,48,4155.63,4,debt_consolidation,OWN,0.265,0
51,19220.97,1.5,805,16165.44,36,10667.11,1,debt_consolidation,MORTGAGE,1.396,0
37,86511.52,6.9,690,17594.26,36,11801.88,4,debt_consolidation,RENT,0.34,0
56,81178.05,3.3,673,6779.17,24,26523.88,5,debt_consolidation,RENT,0.41,0
32,61984.38,4.2,671,1000.0,36,9185.29,2,home_improvement,MORTGAGE,0.164,1
30,47787.88,0.9,661,26476.12,36,11835.76,6,small_business,OWN,0.802,0
46,42500.87,6.6,618,21829.21,36,3551.03,4,home_improvement,RENT,0.597,1
47,36373.78,2.2,675,20302.8,48,7681.04,5,home_improvement,OWN,0.769,0
27,38301.11,1.0,585,10777.83,48,8110.94,6,debt_consolidation,MORTGAGE,0.493,1
41,34778.04,10.4,729,1000.0,24,21377.84,5,medical,MORTGAGE,0.643,0
44,34112.66,3.1,791,2503.41,12,6951.91,5,small_business,RENT,0.277,0
32,64333.15,0.7,599,11288.88,24,9430.82,3,debt_consolidation,OWN,0.322,0
49,42598.6,4.6,689,21129.36,48,15980.34,7,debt_consolidation,MORTGAGE,0.871,0
59,39539.98,1.9,693,5222.47,36,16976.99,5,debt_consolidation,RENT,0.561,0
32,66617.5,2.7,594,14264.6,48,16827.89,6,medical,RENT,0.467,0
59,33736.63,4.3,578,9383.24,24,7641.34,1,debt_consolidation,MORTGAGE,0.505,0
33,18721.26,12.0,501,25341.25,24,2135.7,6,debt_consolidation,MORTGAGE,1.468,1
58,80378.4,10.0,679,9623.43,12,7910.12,2,home_improvement,MORTGAGE,0.218,0
38,71407.63,2.5,579,8538.86,36,0.0,3,home_improvement,RENT,0.12,0
47,67660.31,2.5,602,23277.74,60,5253.69,6,education,RENT,0.422,0
21,58750.94,1.4,636,29006.71,48,3588.35,5,small_business,RENT,0.555,1
26,54094.27,8.5,622,7696.02,12,12273.12,2,debt_consolidation,OWN,0.369,0
39,40713.38,20.4,729,23188.05,36,11043.71,3,small_business,MORTGAGE,0.841,0
53,19292.99,0.4,730,2182.9,24,18181.34,7,debt_consolidation,MORTGAGE,1.056,0
48,39451.35,4.8,559,14939.23,24,0.0,6,education,RENT,0.379,1
46,66119.33,4.2,654,19451.62,48,1513.93,0,auto,MORTGAGE,0.317,0
42,35343.15,8.9,567,14314.85,36,14838.83,1,small_business,MORTGAGE,0.825,1
44,58153.46,6.1,626,9588.3,12,11527.57,1,medical,RENT,0.363,0
52,60622.62,4.0,647,22279.38,48,14749.92,4,medical,RENT,0.611,0
34,41726.88,1.7,651,13225.67,48,19889.3,4,auto,MORTGAGE,0.794,0
43,88167.94,6.6,668,31004.42,60,8428.55,5,home_improvement,RENT,0.447,0
34,17663.86,1.1,704,8062.91,12,5099.19,2,education,RENT,0.745,0
43,40716.16,1.1,667,7906.03,24,9971.76,9,small_business,RENT,0.439,0
21,,10.9,563,18369.97,48,0.0,3,auto,RENT,0.397,0
38,81282.83,0.3,698,12075.95,12,9206.33,6,debt_consolidation,MORTGAGE,0.262,0
47,44185.65,6.9,579,14394.25,24,0.0,5,home_improvement,MORTGAGE,0.326,0
64,70733.57,13.2,648,16251.37,36,0.0,7,debt_consolidation,OWN,0.23,0
64,64892.43,1.0,629,23924.82,48,3355.45,6,home_improvement,RENT,0.42,0
24,63348.61,0.8,558,8002.2,12,9832.68,6,home_improvement,OWN,0.282,0
34,55973.9,4.5,701,17525.74,12,8717.59,6,home_improvement,MORTGAGE,0.469,0
58,57316.81,12.0,548,8801.48,60,8417.22,7,medical,RENT,0.3,1
29,41416.17,18.9,582,5770.83,48,17412.0,5,debt_consolidation,RENT,0.56,0
34,16217.69,4.0,700,9940.15,24,5133.26,3,home_improvement,MORTGAGE,0.929,0
25,55330.42,3.2,763,14945.56,36,6284.86,4,small_business,RENT,0.384,0
29,41506.06,5.9,659,8726.6,36,14471.57,8,auto,MORTGAGE,0.559,0
35,41848.22,10.2,680,9059.75,60,16496.76,4,small_business,RENT,0.611,0
54,95038.87,5.3,605,18373.63,48,9505.14,5,home_improvement,RENT,0.293,0
48,18595.98,3.2,705,6319.98,24,14867.99,6,auto,RENT,1.139,0
43,53785.64,0.6,655,24309.24,12,13059.84,3,home_improvement,MORTGAGE,0.695,1
49,57162.82,2.0,513,3109.96,36,9035.37,1,education,RENT,0.212,1
39,77385.03,8.2,579,9564.18,24,20060.91,4,home_improvement,RENT,0.383,0
62,40052.3,8.5,645,11465.24,24,9627.35,6,education,MORTGAGE,0.527,0
29,33419.82,3.0,605,21930.2,36,738.43,3,debt_consolidation,RENT,0.678,1
41,53548.56,2.6,546,27998.34,48,8092.43,9,debt_consolidation,MORTGAGE,0.674,0
23,34092.34,0.4,731,11194.81,12,4180.66,4,home_improvement,MORTGAGE,0.451,0
22,59230.22,3.9,820,18345.47,48,13187.24,9,debt_consolidation,RENT,0.532,0
41,66063.81,3.2,644,16250.49,36,22916.12,4,small_business,MORTGAGE,0.593,0
55,69117.12,,656,16064.8,48,3554.38,5,medical,MORTGAGE,0.284,0
23,101314.45,,740,31049.44,60,8167.55,5,home_improvement,RENT,0.387,0
48,45329.05,6.3,701,22764.34,12,12814.2,4,debt_consolidation,MORTGAGE,0.785,0
36,38856.66,9.8,590,3735.57,24,1698.1,6,home_improvement,MORTGAGE,0.14,0
59,40993.26,0.8,609,31245.8,24,0.0,7,debt_consolidation,MORTGAGE,0.762,0
59,70336.26,15.4,666,25387.23,60,9612.23,6,auto,MORTGAGE,0.498,0
25,12378.03,1.0,601,15507.78,24,15475.48,4,home_improvement,RENT,2.503,1
48,80231.34,1.5,702,8402.97,48,11204.77,3,medical,OWN,0.244,0
29,55736.09,1.8,612,11363.9,24,15876.13,3,debt_consolidation,OWN,0.489,0
62,12000.0,8.0,491,18920.29,24,22573.61,1,home_improvement,MORTGAGE,3.458,1
43,66468.5,4.3,776,26357.7,24,12110.75,3,education,RENT,0.579,0
23,51219.01,1.0,673,13886.76,36,17777.53,3,medical,MORTGAGE,0.618,0
22,51497.07,2.6,700,14234.6,48,9611.06,5,auto,MORTGAGE,0.463,0
39,75073.58,9.5,578,6181.21,24,786.99,5,small_business,MORTGAGE,0.093,0
23,75385.32,1.6,687,13613.64,36,3711.95,3,debt_consolidation,RENT,0.23,0
40,69997.2,1.2,543,1000.0,36,3818.8,1,small_business,MORTGAGE,0.069,0
58,54561.42,1.8,583,18419.55,12,8445.11,1,home_improvement,RENT,0.492,0
33,77725.21,0.7,656,1000.0,48,3837.65,6,debt_consolidation,MORTGAGE,0.062,0
38,46080.98,1.9,697,11693.8,24,6018.58,5,medical,MORTGAGE,0.384,0
50,67506.56,1.1,712,14199.79,36,1133.88,3,home_improvement,MORTGAGE,0.227,0
24,42685.67,1.2,619,1000.0,36,6741.69,4,education,MORTGAGE,0.181,0
39,41579.49,0.1,669,27742.88,60,2548.3,3,debt_consolidation,RENT,0.729,0
53,25268.19,6.5,644,23122.8,24,7875.21,10,home_improvement,MORTGAGE,1.227,0
37,26370.44,0.0,751,15914.06,36,16530.48,2,debt_consolidation,RENT,1.23,0
58,51450.43,2.3,736,25515.28,12,0.0,5,debt_consolidation,MORTGAGE,0.496,0
44,74579.73,,623,19313.25,48,3699.9,1,medical,RENT,0.309,0
54,58384.3,2.5,592,32330.64,24,7907.81,9,education,RENT,0.689,0
60,,2.6,575,39422.58,12,10252.25,6,auto,MORTGAGE,2.895,1
35,67167.61,5.6,572,7832.63,60,6886.82,4,debt_consolidation,OWN,0.219,0
47,106351.6,2.7,509,5342.5,60,8317.77,4,small_business,MORTGAGE,0.128,1
60,84367.87,10.5,662,18635.79,36,6071.77,7,auto,RENT,0.293,0
56,25781.88,15.2,693,15820.77,12,7682.13,5,home_improvement,OWN,0.912,0
56,62300.56,7.2,677,29699.07,36,6580.42,4,small_business,MORTGAGE,0.582,0
64,16178.89,1.4,574,14246.3,12,3978.26,5,medical,MORTGAGE,1.126,0
59,18452.65,19.3,602,17811.49,60,1927.08,5,auto,RENT,1.07,0
49,86448.07,6.2,660,21363.16,48,2867.92,5,home_improvement,OWN,0.28,0
22,69684.14,2.6,761,30427.65,36,2151.25,4,education,RENT,0.468,0
30,38095.97,4.5,528,20730.03,36,13681.85,3,education,OWN,0.903,1
43,48736.97,6.8,552,6278.54,48,9200.0,3,debt_consolidation,OWN,0.318,1
63,80664.07,15.8,661,25065.43,12,9096.81,3,medical,RENT,0.424,0
23,61398.76,12.3,692,25394.02,36,14977.85,6,debt_consolidation,MORTGAGE,0.658,0
46,,4.4,698,16651.26,24,1501.83,3,education,RENT,0.239,0
24,47040.15,0.0,546,1000.0,36,1743.82,5,debt_consolidation,RENT,0.058,1
64,64119.92,0.2,574,17362.75,48,2598.1,6,small_business,MORTGAGE,0.311,1
23,28111.34,0.1,607,10358.09,12,21778.04,1,debt_consolidation,MORTGAGE,1.143,0
50,38170.18,6.7,716,38675.54,24,8043.7,6,home_improvement,RENT,1.224,0
44,58628.02,12.0,688,11896.66,36,0.0,7,debt_consolidation,MORTGAGE,0.203,0
25,66910.97,2.2,609,33879.26,24,18025.1,4,auto,OWN,0.776,1
46,74209.73,0.7,469,4026.42,60,10415.84,5,debt_consolidation,MORTGAGE,0.195,1
38,39297.42,0.2,628,6723.36,24,2710.75,2,debt_consolidation,MORTGAGE,0.24,0
45,90946.86,8.8,588,3425.25,24,11327.98,4,auto,RENT,0.162,0
45,55849.02,2.6,700,36344.43,24,6103.56,1,debt_consolidation,RENT,0.76,0
21,76912.19,0.2,739,15218.29,36,11688.99,3,auto,RENT,0.35,0
40,60270.68,21.7,653,8797.16,36,5883.0,7,debt_consolidation,MORTGAGE,0.244,0
33,62469.32,7.6,664,19459.49,60,4423.78,9,small_business,MORTGAGE,0.382,0
24,42927.52,5.5,735,16961.74,60,3646.75,4,medical,RENT,0.48,0
29,71363.95,2.4,674,13428.71,60,14823.52,5,debt_consolidation,RENT,0.396,0
21,32371.32,5.7,669,13157.86,24,10607.73,6,debt_consolidation,RENT,0.734,0
64,77335.02,2.3,527,17157.93,12,0.0,2,home_improvement,RENT,0.222,1
60,13288.77,0.4,652,14414.1,24,23112.28,2,debt_consolidation,MORTGAGE,2.824,0
42,80776.57,5.2,699,15474.14,48,6549.93,5,medical,OWN,0.273,0
25,44993.95,0.9,594,15161.73,60,268.45,1,home_improvement,RENT,0.343,1
31,46273.43,2.8,593,16968.88,12,7392.03,4,auto,MORTGAGE,0.526,1
56,43695.55,4.9,435,9855.43,36,9315.43,2,auto,MORTGAGE,0.439,1
29,59705.89,0.6,587,10295.03,36,11595.27,2,debt_consolidation,MORTGAGE,0.367,0
40,75503.55,2.9,793,25045.21,48,19433.32,4,debt_consolidation,RENT,0.589,0
60,68593.25,1.9,648,17234.34,24,13549.49,5,home_improvement,RENT,0.449,0
30,56172.76,10.1,702,12199.01,36,0.0,0,debt_consolidation,OWN,0.217,0
23,33964.11,3.2,671,22975.24,12,5538.46,1,debt_consolidation,MORTGAGE,0.84,0
49,77844.55,5.9,707,14188.14,48,10572.93,3,home_improvement,MORTGAGE,0.318,0
63,89601.92,2.1,537,15239.15,12,9365.23,7,home_improvement,OWN,0.275,0
45,67007.98,5.2,597,17202.75,24,16743.34,2,debt_consolidation,RENT,0.507,1
58,73714.25,6.5,609,30571.55,24,16571.86,7,medical,RENT,0.64,0
53,38967.9,2.9,679,20363.38,48,4083.78,4,debt_consolidation,MORTGAGE,0.627,0
48,52923.82,7.7,522,15471.27,60,911.87,7,auto,RENT,0.31,1
53,16769.95,4.3,636,4864.97,12,9996.9,9,medical,RENT,0.886,0
31,,14.8,607,7316.9,60,10480.89,5,auto,OWN,0.821,0
37,60037.61,3.3,732,12351.47,60,15242.02,3,debt_consolidation,RENT,0.46,0
52,81782.22,0.1,586,5735.74,36,5279.77,2,education,RENT,0.135,0
50,63032.76,4.9,614,1400.51,36,4649.48,5,debt_consolidation,MORTGAGE,0.096,0
44,40776.35,2.6,533,1000.0,24,20946.29,2,auto,MORTGAGE,0.538,1
44,78280.56,0.2,450,10280.86,24,3174.39,5,auto,MORTGAGE,0.172,1
43,23838.46,1.3,733,19932.64,36,11049.72,8,auto,OWN,1.3,0
36,66722.33,0.1,562,9437.0,12,8507.65,5,small_business,RENT,0.269,0
36,24177.94,0.7,555,4899.71,36,10535.02,1,auto,OWN,0.638,1
64,39695.23,0.2,704,34964.4,60,13154.01,2,debt_consolidation,MORTGAGE,1.212,0
46,58319.14,3.5,646,5885.63,36,2480.55,4,debt_consolidation,MORTGAGE,0.143,0
27,92678.69,5.0,506,16679.69,36,9792.18,2,home_improvement,MORTGAGE,0.286,0
56,43341.37,0.3,550,5501.52,36,6548.48,5,debt_consolidation,RENT,0.278,1
55,28791.62,0.6,714,5829.57,12,13327.39,4,debt_consolidation,RENT,0.665,0
48,50501.99,1.7,576,25282.71,36,1141.04,1,small_business,RENT,0.523,0
61,98634.5,9.3,670,6127.71,12,9548.55,6,debt_consolidation,MORTGAGE,0.159,0
26,15135.14,7.9,677,38437.43,36,4286.06,3,auto,OWN,2.823,0
57,24099.59,4.2,618,15118.62,24,3151.39,3,debt_consolidation,MORTGAGE,0.758,0
64,48307.07,0.5,660,13061.34,12,0.0,4,debt_consolidation,RENT,0.27,0
57,62720.74,20.9,640,31123.31,12,5247.07,0,medical,RENT,0.58,0
31,60907.75,,665,1000.0,36,11589.5,5,small_business,RENT,0.207,0
60,39378.22,0.6,546,1000.0,24,14066.38,4,home_improvement,RENT,0.383,1
36,84032.18,13.9,657,21908.31,24,13945.31,3,home_improvement,RENT,0.427,0
31,41223.82,3.3,809,14603.95,48,10546.16,4,home_improvement,OWN,0.61,0
50,14615.53,9.3,667,16810.11,36,8111.24,7,auto,RENT,1.705,0
36,,0.1,601,20698.52,24,11403.54,3,debt_consolidation,OWN,0.794,1
56,90880.44,3.7,777,23856.37,36,3861.27,5,small_business,MORTGAGE,0.305,0
42,30661.22,8.6,672,1000.0,48,14480.86,3,home_improvement,RENT,0.505,0
42,61350.39,4.6,547,11140.23,24,3943.11,1,debt_consolidation,MORTGAGE,0.246,0
56,59927.02,1.4,715,11825.84,24,13407.78,2,home_improvement,MORTGAGE,0.421,0
59,62951.72,1.9,478,14539.34,12,9648.88,3,small_business,MORTGAGE,0.384,1
22,40925.18,8.1,717,4391.98,12,11149.21,0,home_improvement,RENT,0.38,0
27,32185.61,0.9,652,15282.84,36,8076.15,5,auto,MORTGAGE,0.726,0
31,61208.12,4.4,535,16900.26,24,3074.52,3,home_improvement,RENT,0.326,1
34,71633.17,2.0,533,9000.34,36,4853.85,5,debt_consolidation,RENT,0.193,0
31,29237.08,0.4,581,8484.83,60,0.0,5,debt_consolidation,RENT,0.29,0
32,47495.63,1.6,622,1000.0,24,0.0,6,home_improvement,RENT,0.021,0
31,81139.21,2.7,652,32820.68,48,8885.83,4,home_improvement,RENT,0.514,0
61,68121.73,4.0,595,8746.97,48,2972.94,3,home_improvement,RENT,0.172,0
25,94893.57,6.8,817,15211.22,36,10937.79,5,small_business,OWN,0.276,0
26,66653.25,2.9,597,22608.52,12,15797.53,4,debt_consolidation,MORTGAGE,0.576,1
