order_item_id,order_id,product_id,quantity,unit_price_at_purchase,discount_pct
1,1,54,1,2327.75,20
2,1,48,3,6062.17,10
3,1,17,1,7344.41,15
4,2,33,1,4033.43,0
5,3,39,2,7479.47,0
6,3,46,2,6189.92,25
7,3,53,2,442.24,5
8,4,58,1,7800.24,0
9,5,57,1,2023.58,25
10,6,39,3,7479.47,0
11,6,10,3,10601.46,0
12,6,51,3,5784.03,0
13,6,38,2,1525.22,5
14,7,39,3,7479.47,0
15,7,7,3,9566.23,5
16,8,24,2,8428.85,0
17,8,56,3,12077.06,0
18,8,3,2,6068.9,20
19,8,45,1,11002.48,25
20,9,37,1,8898.85,10
21,10,42,2,2330.94,0
22,10,38,2,1525.22,0
23,10,17,3,7344.41,0
24,10,55,3,8917.18,0
25,11,55,2,8917.18,0
26,11,56,3,12077.06,15
27,12,25,2,8484.54,0
28,12,41,1,6732.86,25
29,13,46,3,6189.92,
30,13,39,3,7479.47,0
31,13,4,1,10523.93,5
32,14,11,2,3405.33,0
33,15,59,3,12800.08,0
34,16,30,2,7006.29,0
35,16,60,3,9163.59,10
36,17,45,2,11002.48,0
37,17,29,3,4700.33,0
38,17,25,2,8484.54,0
39,18,34,1,12053.17,20
40,18,35,2,2998.83,10
41,18,1,2,12008.38,25
42,19,48,1,6062.17,0
43,19,13,1,3256.25,0
44,19,16,3,6378.95,25
45,19,56,2,12077.06,15
46,20,12,3,4331.15,10
47,20,49,3,6065.27,10
48,20,59,3,12800.08,0
49,20,33,1,4033.43,0
50,21,38,1,1525.22,0
51,21,7,2,9566.23,0
52,21,21,1,2967.61,0
53,21,24,3,8428.85,0
54,22,37,3,8898.85,0
55,22,44,2,11459.88,0
56,23,12,3,4331.15,0
57,24,26,1,1873.58,0
58,25,17,2,7344.41,5
59,25,24,3,8428.85,0
60,25,36,3,4299.63,0
61,26,50,2,7293.66,0
62,26,48,1,6062.17,0
63,26,29,2,4700.33,0
64,26,57,1,2023.58,10
65,27,18,3,14551.4,0
66,27,57,2,2023.58,0
67,27,29,1,4700.33,0
68,27,50,3,7293.66,0
69,28,36,1,4299.63,10
70,28,4,2,10523.93,10
71,28,2,2,6723.5,5
72,28,50,3,7293.66,15
73,29,9,3,3858.09,0
74,29,45,2,11002.48,0
75,29,35,2,2998.83,0
76,29,12,1,4331.15,0
77,30,1,2,12008.38,0
78,31,1,1,12008.38,0
79,31,50,1,7293.66,0
80,31,28,2,10434.86,0
81,32,28,3,10434.86,0
82,33,27,1,12507.26,0
83,33,13,3,3256.25,
84,33,55,1,8917.18,5
85,34,6,2,6150.38,20
86,34,10,2,10601.46,5
87,35,5,2,6591.65,0
88,35,35,3,2998.83,0
89,35,31,2,7970.7,0
90,35,12,1,4331.15,0
91,36,60,3,9163.59,0
92,36,21,2,2967.61,0
93,36,11,2,3405.33,0
94,37,21,1,2967.61,5
95,37,1,3,12008.38,25
96,37,11,1,3405.33,20
97,37,51,3,5784.03,5
98,38,9,3,3858.09,0
99,39,23,3,6127.8,0
100,39,47,3,1835.04,0
101,39,9,3,3858.09,0
102,39,17,2,7344.41,0
103,40,29,2,4700.33,0
104,40,19,3,9582.17,0
105,41,21,3,2967.61,0
106,41,47,2,1835.04,15
107,42,12,1,4331.15,10
108,42,56,3,12077.06,0
109,43,1,3,12008.38,5
110,44,53,1,442.24,0
111,44,24,1,8428.85,0
112,44,51,1,5784.03,5
113,44,46,1,6189.92,0
114,45,48,3,6062.17,0
115,45,7,1,9566.23,0
116,45,50,3,7293.66,0
117,45,41,3,6732.86,0
118,46,49,1,6065.27,0
119,46,41,3,6732.86,0
120,46,28,2,10434.86,0
121,46,53,3,442.24,10
122,47,14,3,2002.17,0
123,47,55,3,8917.18,0
124,48,15,3,3426.72,0
125,48,17,3,7344.41,10
126,49,39,3,7479.47,0
127,50,27,3,12507.26,0
128,50,60,1,9163.59,0
129,50,56,1,12077.06,0
130,50,8,3,6236.34,0
131,51,29,2,4700.33,0
132,51,49,1,6065.27,0
133,51,39,3,7479.47,10
134,51,37,2,8898.85,0
135,52,32,3,12559.25,0
136,52,26,1,1873.58,20
137,53,28,3,10434.86,10
138,53,24,2,8428.85,0
139,53,23,2,6127.8,0
140,53,13,1,3256.25,0
141,54,16,2,6378.95,5
142,55,14,3,2002.17,0
143,55,35,1,2998.83,0
144,56,11,2,3405.33,10
145,56,4,3,10523.93,0
146,56,19,1,9582.17,20
147,57,32,1,12559.25,20
148,57,56,3,12077.06,10
149,57,39,2,7479.47,20
150,58,16,2,6378.95,0
151,58,33,3,4033.43,0
152,58,18,2,14551.4,10
153,59,16,2,6378.95,10
154,59,37,1,8898.85,10
155,59,10,2,10601.46,0
156,59,28,2,10434.86,0
157,60,12,3,4331.15,10
158,61,10,3,10601.46,0
159,61,50,3,7293.66,0
160,61,13,3,3256.25,5
161,62,46,2,6189.92,5
162,62,42,2,2330.94,
163,62,24,2,8428.85,0
164,62,12,3,4331.15,0
165,63,45,2,11002.48,0
166,63,21,3,2967.61,25
167,63,56,3,12077.06,25
168,63,30,3,7006.29,0
169,64,34,3,12053.17,0
170,64,35,1,2998.83,0
171,65,19,2,9582.17,0
172,65,40,3,9172.33,0
173,65,59,3,12800.08,0
174,65,4,1,10523.93,0
175,66,57,3,2023.58,0
176,66,30,3,7006.29,5
177,67,47,3,1835.04,0
178,67,51,2,5784.03,0
179,67,33,1,4033.43,0
180,67,40,3,9172.33,10
181,68,8,1,6236.34,0
182,68,58,2,7800.24,0
183,69,14,2,2002.17,25
184,69,38,1,1525.22,0
185,70,4,1,10523.93,0
186,70,42,2,2330.94,0
187,71,40,3,9172.33,20
188,71,43,2,5409.98,10
189,71,45,2,11002.48,0
190,72,22,3,7423.51,25
191,72,34,3,12053.17,5
192,72,27,3,12507.26,0
193,73,60,3,9163.59,0
194,73,9,1,3858.09,0
195,73,40,2,9172.33,
196,74,52,1,919.12,25
197,74,40,1,9172.33,10
198,75,50,2,7293.66,0
199,75,1,1,12008.38,15
200,75,8,2,6236.34,0
201,76,30,3,7006.29,15
202,76,51,1,5784.03,15
203,76,53,2,442.24,10
204,77,37,1,8898.85,0
205,77,39,2,7479.47,0
206,78,14,1,2002.17,0
207,78,34,1,12053.17,0
208,78,20,1,9089.61,0
209,79,10,3,10601.46,0
210,79,50,1,7293.66,0
211,79,56,3,12077.06,10
212,80,30,1,7006.29,15
213,80,57,1,2023.58,10
214,80,3,3,6068.9,20
215,81,40,1,9172.33,25
216,82,11,3,3405.33,10
217,82,5,3,6591.65,20
218,83,40,1,9172.33,0
219,83,23,2,6127.8,0
220,83,20,3,9089.61,0
221,83,22,3,7423.51,0
222,84,59,2,12800.08,0
223,84,24,1,8428.85,0
224,84,26,1,1873.58,0
225,85,21,2,2967.61,0
226,86,31,3,7970.7,20
227,86,25,2,8484.54,10
228,87,8,2,6236.34,20
229,87,38,1,1525.22,0
230,87,39,2,7479.47,5
231,87,30,1,7006.29,0
232,88,35,1,2998.83,0
233,88,19,3,9582.17,20
234,88,25,2,8484.54,0
235,88,40,3,9172.33,10
236,89,1,1,12008.38,0
237,90,26,2,1873.58,10
238,90,25,2,8484.54,0
239,90,28,3,10434.86,5
240,90,35,1,2998.83,10
241,91,56,3,12077.06,0
242,91,30,3,7006.29,0
243,91,58,1,7800.24,0
244,91,51,3,5784.03,0
245,92,3,3,6068.9,0
246,92,37,1,8898.85,0
247,92,31,2,7970.7,0
248,93,44,2,11459.88,0
249,94,37,1,8898.85,10
250,94,47,3,1835.04,0
251,94,22,3,7423.51,0
252,94,27,2,12507.26,0
253,95,55,1,8917.18,0
254,96,43,2,5409.98,0
255,96,29,3,4700.33,0
256,97,49,3,6065.27,0
257,97,27,2,12507.26,15
258,97,50,1,7293.66,20
259,97,25,2,8484.54,25
260,98,34,2,12053.17,0
261,98,56,3,12077.06,0
262,99,40,2,9172.33,0
263,99,59,2,12800.08,0
264,99,42,3,2330.94,0
265,99,55,1,8917.18,5
266,100,44,3,11459.88,0
267,101,39,1,7479.47,5
268,101,41,3,6732.86,15
269,102,50,2,7293.66,5
270,102,28,1,10434.86,15
271,102,45,2,11002.48,0
272,103,42,2,2330.94,0
273,103,32,2,12559.25,0
274,104,2,1,6723.5,0
275,104,58,2,7800.24,25
276,104,32,2,12559.25,20
277,104,10,1,10601.46,5
278,105,22,2,7423.51,0
279,105,44,1,11459.88,0
280,105,20,2,9089.61,0
281,106,45,2,11002.48,20
282,106,25,1,8484.54,5
283,106,58,3,7800.24,20
284,107,2,2,6723.5,10
285,107,3,3,6068.9,5
286,107,22,1,7423.51,0
287,107,4,1,10523.93,0
288,108,12,1,4331.15,10
289,109,39,2,7479.47,0
290,109,52,2,919.12,25
291,109,40,2,9172.33,0
292,109,15,3,3426.72,5
293,110,36,1,4299.63,25
294,110,11,1,3405.33,20
295,110,29,1,4700.33,5
296,111,45,2,11002.48,0
297,111,9,3,3858.09,0
298,111,14,3,2002.17,0
299,111,10,3,10601.46,0
300,112,34,2,12053.17,0
301,113,18,2,14551.4,0
302,113,4,1,10523.93,10
303,114,3,1,6068.9,0
304,114,7,1,9566.23,5
305,114,48,3,6062.17,0
306,114,4,3,10523.93,0
307,115,48,1,6062.17,10
308,115,27,2,12507.26,10
309,116,18,1,14551.4,10
310,116,13,1,3256.25,0
311,116,22,2,7423.51,0
312,117,6,1,6150.38,20
313,117,27,3,12507.26,10
314,118,59,1,12800.08,10
315,118,37,3,8898.85,10
316,119,6,1,6150.38,10
317,119,36,1,4299.63,10
318,120,30,3,7006.29,0
319,121,56,3,12077.06,0
320,122,51,3,5784.03,0
321,122,44,3,11459.88,0
322,123,24,3,8428.85,0
323,123,12,2,4331.15,0
324,123,42,2,2330.94,0
325,124,21,3,2967.61,5
326,124,23,2,6127.8,25
327,125,29,1,4700.33,0
328,125,40,1,9172.33,5
329,125,24,2,8428.85,10
330,126,27,2,12507.26,0
331,126,44,1,11459.88,0
332,126,35,1,2998.83,0
333,127,32,2,12559.25,0
334,127,38,2,1525.22,0
335,127,43,2,5409.98,0
336,128,11,1,3405.33,0
337,128,40,3,9172.33,0
338,128,60,1,9163.59,10
339,128,46,2,6189.92,0
340,129,10,3,10601.46,0
341,129,24,2,8428.85,0
342,129,29,2,4700.33,0
343,130,31,3,7970.7,10
344,130,58,1,7800.24,0
345,130,19,1,9582.17,0
346,131,23,3,6127.8,15
347,131,6,1,6150.38,20
348,131,21,1,2967.61,0
349,131,4,3,10523.93,0
350,132,24,2,8428.85,0
351,132,25,3,8484.54,0
352,132,1,2,12008.38,0
353,132,19,3,9582.17,0
354,133,10,3,10601.46,0
355,134,41,1,6732.86,0
356,134,59,2,12800.08,0
357,134,18,2,14551.4,0
358,134,27,3,12507.26,0
359,135,8,2,6236.34,0
360,135,42,1,2330.94,10
361,135,43,1,5409.98,0
362,135,58,2,7800.24,0
363,136,33,3,4033.43,10
364,136,47,3,1835.04,5
365,136,37,2,8898.85,0
366,137,33,3,4033.43,0
367,138,44,1,11459.88,15
368,138,45,2,11002.48,10
369,138,24,1,8428.85,10
370,139,27,1,12507.26,0
371,140,57,3,2023.58,0
372,140,39,1,7479.47,0
373,140,34,1,12053.17,0
374,140,49,1,6065.27,5
375,141,49,1,6065.27,0
376,141,28,2,10434.86,0
377,141,3,1,6068.9,0
378,141,13,1,3256.25,0
379,142,38,1,1525.22,5
380,142,23,3,6127.8,0
381,142,11,2,3405.33,
382,143,24,2,8428.85,0
383,143,45,3,11002.48,0
384,143,38,2,1525.22,5
385,143,12,2,4331.15,0
386,144,8,3,6236.34,0
387,144,25,3,8484.54,0
388,144,19,2,9582.17,0
389,144,30,2,7006.29,0
390,145,26,1,1873.58,20
391,146,22,1,7423.51,0
392,146,13,2,3256.25,0
393,147,23,3,6127.8,0
394,147,31,1,7970.7,10
395,147,43,3,5409.98,0
396,147,39,3,7479.47,5
397,148,10,3,10601.46,0
398,148,20,1,9089.61,20
399,148,40,2,9172.33,25
400,149,29,1,4700.33,0
401,149,21,2,2967.61,0
402,149,55,2,8917.18,10
403,149,25,1,8484.54,0
404,150,36,3,4299.63,0
405,150,55,2,8917.18,0
406,150,11,1,3405.33,5
407,150,33,2,4033.43,0
408,151,7,1,9566.23,15
409,151,28,3,10434.86,15
410,151,23,1,6127.8,15
411,151,27,3,12507.26,0
412,152,21,2,2967.61,20
413,153,11,2,3405.33,0
414,153,40,1,9172.33,0
415,153,20,2,9089.61,0
416,154,46,3,6189.92,0
417,155,51,2,5784.03,0
418,155,5,1,6591.65,0
419,155,42,3,2330.94,0
420,156,37,3,8898.85,25
421,156,32,2,12559.25,0
422,157,48,2,6062.17,5
423,157,44,2,11459.88,15
424,158,8,2,6236.34,25
425,158,10,2,10601.46,5
426,159,42,1,2330.94,10
427,159,55,2,8917.18,0
428,160,34,3,12053.17,0
429,161,22,2,7423.51,5
430,161,54,2,2327.75,15
431,161,38,1,1525.22,15
432,162,18,2,14551.4,15
433,162,57,1,2023.58,0
434,163,17,3,7344.41,5
435,163,36,2,4299.63,10
436,164,20,2,9089.61,0
437,164,14,3,2002.17,0
438,165,60,1,9163.59,0
439,165,54,2,2327.75,0
440,165,22,3,7423.51,0
441,165,46,1,6189.92,0
442,166,1,2,12008.38,5
443,166,26,3,1873.58,0
444,167,29,1,4700.33,0
445,167,31,1,7970.7,15
446,167,56,2,12077.06,0
447,168,59,2,12800.08,0
448,168,6,2,6150.38,0
449,169,1,2,12008.38,0
450,170,19,1,9582.17,0
451,170,48,3,6062.17,10
452,170,32,1,12559.25,15
453,171,6,3,6150.38,0
454,171,1,2,12008.38,0
455,171,31,1,7970.7,0
456,171,9,1,3858.09,0
457,172,1,2,12008.38,20
458,173,17,2,7344.41,15
459,173,11,2,3405.33,5
460,174,48,3,6062.17,0
461,174,24,3,8428.85,0
462,174,60,2,9163.59,0
463,175,4,1,10523.93,0
464,175,13,2,3256.25,10
465,175,10,3,10601.46,0
466,175,15,3,3426.72,0
467,176,48,3,6062.17,25
468,176,33,1,4033.43,25
469,177,57,3,2023.58,0
470,178,2,2,6723.5,0
471,178,6,3,6150.38,5
472,179,14,1,2002.17,0
473,179,56,3,12077.06,0
474,180,2,2,6723.5,0
475,181,48,1,6062.17,0
476,181,52,2,919.12,0
477,181,59,2,12800.08,0
478,181,20,2,9089.61,10
479,182,3,3,6068.9,0
480,183,19,2,9582.17,10
481,184,37,1,8898.85,0
482,184,4,2,10523.93,0
483,184,36,2,4299.63,0
484,185,12,2,4331.15,0
485,185,51,3,5784.03,0
486,185,54,2,2327.75,0
487,185,26,1,1873.58,0
488,186,28,2,10434.86,5
489,187,20,2,9089.61,
490,187,40,1,9172.33,0
491,187,53,1,442.24,0
492,187,24,3,8428.85,5
493,188,50,1,7293.66,0
494,188,30,3,7006.29,0
495,188,10,1,10601.46,0
496,189,4,2,10523.93,0
497,189,22,3,7423.51,10
498,189,1,3,12008.38,0
499,189,7,2,9566.23,5
500,190,58,2,7800.24,0
501,190,42,2,2330.94,0
502,190,27,2,12507.26,0
503,191,59,1,12800.08,0
504,191,39,2,7479.47,0
505,191,55,3,8917.18,0
506,192,45,1,11002.48,0
507,192,48,1,6062.17,0
508,192,6,2,6150.38,0
509,193,23,2,6127.8,25
510,193,44,3,11459.88,15
511,193,11,2,3405.33,0
512,194,46,1,6189.92,0
513,195,33,1,4033.43,0
514,196,47,1,1835.04,10
515,196,56,2,12077.06,10
516,196,7,3,9566.23,15
517,196,10,2,10601.46,10
518,197,52,2,919.12,0
519,197,28,3,10434.86,0
520,198,6,1,6150.38,20
521,199,41,2,6732.86,25
522,200,58,2,7800.24,0
523,200,34,3,12053.17,0
524,200,40,3,9172.33,0
525,201,3,3,6068.9,0
526,202,33,2,4033.43,0
527,203,16,3,6378.95,5
528,203,54,2,2327.75,0
529,203,50,3,7293.66,0
530,204,23,3,6127.8,5
531,204,20,2,9089.61,10
532,205,57,3,2023.58,0
533,205,9,3,3858.09,0
534,205,31,3,7970.7,0
535,205,14,2,2002.17,0
536,206,33,1,4033.43,0
537,206,9,3,3858.09,5
538,207,39,1,7479.47,15
539,208,20,3,9089.61,15
540,208,19,1,9582.17,
541,208,32,3,12559.25,5
542,209,51,1,5784.03,0
543,209,25,2,8484.54,0
544,209,31,1,7970.7,0
545,210,15,3,3426.72,5
546,210,58,3,7800.24,15
547,210,26,1,1873.58,5
548,210,22,3,7423.51,20
549,211,18,3,14551.4,0
550,212,32,2,12559.25,0
551,213,8,1,6236.34,0
552,214,44,1,11459.88,0
553,214,11,1,3405.33,0
554,214,4,2,10523.93,0
555,214,40,1,9172.33,5
556,215,8,1,6236.34,0
557,215,18,1,14551.4,
558,215,4,3,10523.93,0
559,215,21,1,2967.61,0
560,216,55,1,8917.18,10
561,217,3,2,6068.9,0
562,217,1,1,12008.38,0
563,217,53,3,442.24,0
564,217,30,2,7006.29,0
565,218,20,3,9089.61,0
566,219,57,2,2023.58,15
567,219,44,2,11459.88,0
568,219,22,1,7423.51,
569,220,49,3,6065.27,20
570,220,26,2,1873.58,0
571,220,35,2,2998.83,5
572,220,6,2,6150.38,0
573,221,13,3,3256.25,20
574,221,6,1,6150.38,25
575,221,53,1,442.24,0
576,222,43,3,5409.98,25
577,222,48,1,6062.17,25
578,223,45,2,11002.48,0
579,224,55,2,8917.18,25
580,225,4,2,10523.93,0
581,225,18,2,14551.4,5
582,226,59,2,12800.08,5
583,227,54,1,2327.75,0
584,227,17,1,7344.41,0
585,227,16,3,6378.95,0
586,228,59,1,12800.08,10
587,229,36,1,4299.63,0
588,230,25,1,8484.54,5
589,230,30,2,7006.29,5
590,230,51,3,5784.03,0
591,230,28,3,10434.86,25
592,231,9,3,3858.09,15
593,231,52,3,919.12,10
594,232,4,1,10523.93,10
595,232,16,3,6378.95,0
596,233,39,3,7479.47,15
597,233,45,2,11002.48,0
598,233,22,1,7423.51,0
599,233,55,1,8917.18,15
600,234,24,3,8428.85,10
601,235,13,2,3256.25,0
602,236,54,3,2327.75,5
603,236,17,1,7344.41,0
604,237,57,1,2023.58,20
605,237,46,2,6189.92,10
606,237,5,3,6591.65,25
607,237,8,1,6236.34,5
608,238,14,1,2002.17,20
609,238,47,3,1835.04,0
610,238,6,1,6150.38,15
611,238,51,2,5784.03,0
612,239,15,1,3426.72,0
613,239,58,3,7800.24,0
614,240,19,1,9582.17,20
615,241,24,2,8428.85,0
616,241,52,2,919.12,0
617,241,32,3,12559.25,0
618,241,21,2,2967.61,0
619,242,13,3,3256.25,
620,242,44,2,11459.88,15
621,242,22,2,7423.51,0
622,243,56,2,12077.06,25
623,243,26,2,1873.58,0
624,244,14,1,2002.17,0
625,244,29,2,4700.33,0
626,244,55,2,8917.18,0
627,244,36,2,4299.63,0
628,245,60,3,9163.59,0
629,246,5,3,6591.65,0
630,246,35,2,2998.83,5
631,246,25,1,8484.54,10
632,246,13,1,3256.25,10
633,247,4,1,10523.93,10
634,247,24,1,8428.85,10
635,247,34,1,12053.17,20
636,247,1,3,12008.38,0
637,248,29,1,4700.33,0
638,248,5,2,6591.65,0
639,249,23,3,6127.8,0
640,249,45,2,11002.48,0
641,249,54,3,2327.75,0
642,249,46,3,6189.92,0
643,250,18,3,14551.4,0
644,250,57,3,2023.58,0
645,251,5,2,6591.65,0
646,251,49,3,6065.27,5
647,251,7,3,9566.23,0
648,252,3,2,6068.9,0
649,252,1,2,12008.38,5
650,252,17,2,7344.41,10
651,252,8,1,6236.34,0
652,253,11,2,3405.33,10
653,253,5,3,6591.65,20
654,253,43,3,5409.98,0
655,253,49,1,6065.27,15
656,254,60,1,9163.59,10
657,254,16,1,6378.95,0
658,255,47,2,1835.04,0
659,255,11,1,3405.33,0
660,256,21,1,2967.61,0
661,256,12,1,4331.15,0
662,256,1,3,12008.38,0
663,257,7,1,9566.23,5
664,257,46,3,6189.92,0
665,257,35,3,2998.83,10
666,257,51,3,5784.03,20
667,258,33,1,4033.43,5
668,258,41,3,6732.86,10
669,258,48,1,6062.17,20
670,258,15,1,3426.72,5
671,259,9,3,3858.09,0
672,259,18,2,14551.4,0
673,259,21,3,2967.61,0
674,260,39,1,7479.47,5
675,260,56,2,12077.06,10
676,261,38,1,1525.22,0
677,261,36,2,4299.63,0
678,262,19,2,9582.17,0
679,262,37,2,8898.85,10
680,262,29,2,4700.33,20
681,263,28,3,10434.86,0
682,263,55,1,8917.18,0
683,263,6,2,6150.38,0
684,263,49,2,6065.27,5
685,264,56,2,12077.06,20
686,265,42,1,2330.94,0
687,265,38,1,1525.22,0
688,265,5,3,6591.65,0
689,266,60,3,9163.59,0
690,266,28,3,10434.86,0
691,266,48,2,6062.17,0
692,266,16,1,6378.95,0
693,267,42,2,2330.94,0
694,268,11,3,3405.33,0
695,268,54,2,2327.75,0
696,268,28,1,10434.86,0
697,268,17,1,7344.41,10
698,269,53,3,442.24,0
699,269,32,2,12559.25,0
700,270,29,1,4700.33,0
701,271,29,2,4700.33,5
702,271,41,2,6732.86,5
703,271,59,3,12800.08,
704,271,40,2,9172.33,
705,272,25,2,8484.54,0
706,273,21,2,2967.61,0
707,273,53,2,442.24,
708,273,16,3,6378.95,0
709,274,45,3,11002.48,0
710,274,49,3,6065.27,0
711,274,53,3,442.24,0
712,275,44,3,11459.88,10
713,275,29,2,4700.33,0
714,275,15,3,3426.72,25
715,276,9,2,3858.09,0
716,277,16,2,6378.95,0
717,277,14,2,2002.17,0
718,278,43,3,5409.98,10
719,279,25,3,8484.54,0
720,279,59,1,12800.08,5
721,279,46,1,6189.92,25
722,280,55,3,8917.18,5
723,280,21,1,2967.61,0
724,281,34,1,12053.17,0
725,281,43,2,5409.98,0
726,282,10,3,10601.46,25
727,282,39,1,7479.47,25
728,282,19,1,9582.17,20
729,282,48,2,6062.17,10
730,283,60,2,9163.59,0
731,284,22,2,7423.51,10
732,284,28,1,10434.86,0
733,284,44,1,11459.88,5
734,284,31,3,7970.7,0
735,285,58,2,7800.24,0
736,285,10,3,10601.46,0
737,285,14,2,2002.17,0
738,286,12,2,4331.15,0
739,286,4,2,10523.93,0
740,286,8,2,6236.34,0
741,286,33,1,4033.43,0
742,287,56,2,12077.06,5
743,287,53,2,442.24,0
744,287,42,3,2330.94,25
745,287,25,3,8484.54,0
746,288,37,1,8898.85,5
747,288,9,3,3858.09,0
748,288,7,3,9566.23,5
749,289,56,3,12077.06,15
750,289,39,1,7479.47,10
751,290,33,1,4033.43,5
752,291,43,3,5409.98,15
753,291,35,3,2998.83,5
754,291,29,1,4700.33,10
755,292,38,3,1525.22,0
756,292,23,1,6127.8,0
757,293,5,3,6591.65,25
758,293,41,2,6732.86,0
759,294,8,2,6236.34,0
760,294,35,2,2998.83,10
761,294,44,1,11459.88,10
762,295,38,2,1525.22,0
763,295,53,3,442.24,5
764,295,52,2,919.12,25
765,296,17,3,7344.41,10
766,296,1,2,12008.38,10
767,297,12,2,4331.15,0
768,297,29,1,4700.33,5
769,297,23,2,6127.8,0
770,297,52,1,919.12,0
771,298,52,2,919.12,25
772,298,56,2,12077.06,10
773,298,1,3,12008.38,20
774,298,28,3,10434.86,25
775,299,12,3,4331.15,5
776,299,5,2,6591.65,5
777,300,19,2,9582.17,0
778,301,60,2,9163.59,5
779,302,57,1,2023.58,0
780,302,47,3,1835.04,0
781,302,12,1,4331.15,
782,303,24,2,8428.85,0
783,303,20,1,9089.61,0
784,303,28,2,10434.86,0
785,303,58,1,7800.24,0
786,304,31,2,7970.7,0
787,304,43,3,5409.98,0
788,305,9,3,3858.09,5
789,305,8,2,6236.34,0
790,305,7,1,9566.23,0
791,305,51,2,5784.03,10
792,306,50,3,7293.66,0
793,306,8,1,6236.34,0
794,306,56,3,12077.06,5
795,307,40,2,9172.33,15
796,308,4,2,10523.93,0
797,308,33,2,4033.43,0
798,308,28,1,10434.86,5
799,308,42,2,2330.94,0
800,309,32,3,12559.25,5
801,309,24,3,8428.85,0
802,309,22,3,7423.51,0
803,310,57,1,2023.58,5
804,311,20,3,9089.61,0
805,311,47,1,1835.04,0
806,311,31,3,7970.7,0
807,312,27,3,12507.26,0
808,312,34,2,12053.17,5
809,312,60,3,9163.59,0
810,312,33,2,4033.43,0
811,313,36,1,4299.63,5
812,313,50,1,7293.66,0
813,313,25,2,8484.54,0
814,313,26,2,1873.58,0
815,314,3,3,6068.9,10
816,314,35,2,2998.83,0
817,315,42,2,2330.94,0
818,316,58,2,7800.24,0
819,316,40,1,9172.33,
820,316,19,3,9582.17,0
821,316,21,3,2967.61,10
822,317,53,1,442.24,20
823,317,29,1,4700.33,0
824,318,53,2,442.24,0
825,318,56,2,12077.06,5
826,319,10,2,10601.46,0
827,320,25,1,8484.54,0
828,320,2,3,6723.5,0
829,320,8,1,6236.34,0
830,320,53,3,442.24,0
831,321,53,1,442.24,15
832,321,11,1,3405.33,5
833,321,20,2,9089.61,20
834,321,22,1,7423.51,20
835,322,44,1,11459.88,0
836,322,57,2,2023.58,0
837,322,46,1,6189.92,0
838,322,53,1,442.24,0
839,323,44,3,11459.88,0
840,323,28,2,10434.86,0
841,324,50,2,7293.66,0
842,324,42,2,2330.94,0
843,325,9,2,3858.09,0
844,325,12,2,4331.15,0
845,325,50,1,7293.66,0
846,326,35,3,2998.83,0
847,326,53,1,442.24,5
848,326,15,1,3426.72,20
849,326,25,1,8484.54,15
850,327,54,1,2327.75,0
851,327,55,3,8917.18,5
852,328,43,3,5409.98,10
853,329,10,3,10601.46,0
854,329,49,2,6065.27,0
855,329,12,1,4331.15,5
856,329,31,1,7970.7,5
857,330,59,2,12800.08,0
858,330,37,1,8898.85,0
859,330,33,1,4033.43,0
860,331,53,2,442.24,0
861,332,18,2,14551.4,15
862,332,7,1,9566.23,
863,333,16,2,6378.95,10
864,334,33,1,4033.43,0
865,334,13,2,3256.25,0
866,334,21,3,2967.61,0
867,334,49,3,6065.27,0
868,335,44,3,11459.88,0
869,335,30,3,7006.29,0
870,336,29,3,4700.33,0
871,336,51,3,5784.03,10
872,336,9,3,3858.09,10
873,337,50,2,7293.66,10
874,337,56,2,12077.06,0
875,338,17,1,7344.41,0
876,338,31,2,7970.7,0
877,338,49,3,6065.27,0
878,338,57,2,2023.58,0
879,339,17,3,7344.41,0
880,339,57,3,2023.58,5
881,339,44,1,11459.88,0
882,339,3,1,6068.9,0
883,340,7,2,9566.23,15
884,340,6,2,6150.38,0
885,340,12,2,4331.15,20
886,340,47,1,1835.04,5
887,341,60,2,9163.59,10
888,342,41,2,6732.86,20
889,342,12,3,4331.15,15
890,342,6,1,6150.38,20
891,343,31,2,7970.7,0
892,343,35,1,2998.83,0
893,343,45,1,11002.48,5
894,343,51,3,5784.03,0
895,344,32,2,12559.25,
896,344,56,2,12077.06,0
897,345,14,2,2002.17,0
898,346,24,2,8428.85,0
899,347,23,1,6127.8,0
900,347,54,3,2327.75,25
901,347,35,2,2998.83,0
902,347,28,2,10434.86,0
903,348,6,2,6150.38,25
904,349,43,1,5409.98,20
905,350,23,2,6127.8,0
906,351,18,1,14551.4,0
907,351,57,1,2023.58,10
908,351,43,3,5409.98,0
909,352,13,2,3256.25,10
910,352,40,1,9172.33,0
911,352,42,1,2330.94,0
912,352,26,1,1873.58,0
913,353,21,1,2967.61,0
914,353,14,3,2002.17,5
915,354,41,1,6732.86,10
916,354,50,2,7293.66,0
917,354,23,1,6127.8,0
918,354,12,1,4331.15,25
919,355,5,1,6591.65,20
920,356,44,3,11459.88,0
921,356,27,1,12507.26,0
922,357,8,2,6236.34,
923,358,35,2,2998.83,5
924,359,18,3,14551.4,15
925,359,31,2,7970.7,20
926,360,26,2,1873.58,10
927,360,7,2,9566.23,20
928,360,38,3,1525.22,15
929,361,24,1,8428.85,0
930,361,58,2,7800.24,0
931,361,41,3,6732.86,0
932,362,28,1,10434.86,0
933,362,51,2,5784.03,10
934,362,12,3,4331.15,0
935,363,19,3,9582.17,10
936,363,39,2,7479.47,0
937,363,14,1,2002.17,10
938,363,34,2,12053.17,0
939,364,37,1,8898.85,0
940,364,2,2,6723.5,25
941,365,7,2,9566.23,0
942,365,54,2,2327.75,5
943,365,52,3,919.12,0
944,365,27,1,12507.26,0
945,366,21,1,2967.61,10
946,367,17,1,7344.41,10
947,368,18,1,14551.4,10
948,368,45,2,11002.48,0
949,368,11,1,3405.33,20
950,368,60,2,9163.59,0
951,369,43,3,5409.98,20
952,369,42,1,2330.94,0
953,370,49,3,6065.27,5
954,370,20,2,9089.61,0
955,370,46,3,6189.92,0
956,371,56,1,12077.06,0
957,371,37,1,8898.85,20
958,371,42,2,2330.94,5
959,372,33,1,4033.43,20
960,372,28,2,10434.86,10
961,372,22,3,7423.51,25
962,372,4,2,10523.93,5
963,373,37,3,8898.85,5
964,374,15,2,3426.72,0
965,375,47,2,1835.04,0
966,375,1,3,12008.38,0
967,375,7,1,9566.23,0
968,376,22,3,7423.51,
969,376,2,2,6723.5,0
970,376,12,2,4331.15,0
971,376,17,1,7344.41,0
972,377,49,2,6065.27,0
973,377,10,2,10601.46,0
974,378,1,3,12008.38,0
975,378,53,1,442.24,25
976,378,23,1,6127.8,20
977,378,20,3,9089.61,0
978,379,48,3,6062.17,15
979,379,6,3,6150.38,20
980,380,57,2,2023.58,0
981,380,22,3,7423.51,0
982,380,26,2,1873.58,0
983,381,32,2,12559.25,0
984,382,32,2,12559.25,15
985,382,19,1,9582.17,
986,382,5,2,6591.65,10
987,383,6,2,6150.38,0
988,383,46,1,6189.92,10
989,384,58,3,7800.24,0
990,385,44,2,11459.88,0
991,385,50,1,7293.66,0
992,386,7,3,9566.23,0
993,386,9,2,3858.09,0
994,386,34,2,12053.17,5
995,386,29,2,4700.33,5
996,387,9,1,3858.09,0
997,387,40,2,9172.33,0
998,387,35,3,2998.83,0
999,388,39,3,7479.47,5
1000,388,7,3,9566.23,0
1001,388,53,1,442.24,25
1002,389,20,3,9089.61,0
1003,389,41,1,6732.86,0
1004,390,2,2,6723.5,0
1005,390,54,1,2327.75,0
1006,390,33,3,4033.43,0
1007,390,29,3,4700.33,5
1008,391,11,1,3405.33,15
1009,391,33,1,4033.43,0
1010,392,27,3,12507.26,25
1011,392,53,3,442.24,0
1012,392,28,2,10434.86,0
1013,392,10,2,10601.46,10
1014,393,33,3,4033.43,0
1015,393,5,3,6591.65,0
1016,393,12,3,4331.15,0
1017,393,42,3,2330.94,0
1018,394,45,2,11002.48,20
1019,394,21,1,2967.61,0
1020,395,49,1,6065.27,0
1021,395,15,2,3426.72,10
1022,395,50,3,7293.66,15
1023,396,25,2,8484.54,0
1024,396,9,1,3858.09,0
1025,396,41,3,6732.86,0
1026,396,37,3,8898.85,5
1027,397,37,2,8898.85,0
1028,397,35,2,2998.83,0
1029,397,56,3,12077.06,0
1030,397,5,2,6591.65,0
1031,398,7,3,9566.23,10
1032,398,8,2,6236.34,0
1033,398,32,1,12559.25,0
1034,399,26,3,1873.58,0
1035,399,40,2,9172.33,0
1036,399,4,2,10523.93,0
1037,400,60,1,9163.59,0
1038,400,49,3,6065.27,0
1039,400,43,1,5409.98,0
1040,401,9,1,3858.09,0
1041,401,18,1,14551.4,5
1042,401,47,1,1835.04,20
1043,401,3,3,6068.9,20
1044,402,36,2,4299.63,15
1045,402,9,1,3858.09,5
1046,402,8,1,6236.34,25
1047,402,29,1,4700.33,0
1048,403,21,2,2967.61,20
1049,404,32,1,12559.25,15
1050,404,46,3,6189.92,10
1051,405,4,3,10523.93,0
1052,406,8,1,6236.34,0
1053,406,24,3,8428.85,0
1054,407,38,1,1525.22,25
1055,407,25,1,8484.54,0
1056,407,20,1,9089.61,20
1057,408,60,2,9163.59,0
1058,408,2,1,6723.5,0
1059,408,59,2,12800.08,0
1060,409,47,2,1835.04,0
1061,409,60,3,9163.59,0
1062,409,44,2,11459.88,0
1063,409,19,1,9582.17,0
1064,410,50,2,7293.66,10
1065,410,35,3,2998.83,0
1066,411,54,2,2327.75,5
1067,411,17,2,7344.41,0
1068,411,55,2,8917.18,5
1069,412,17,2,7344.41,5
1070,412,50,3,7293.66,0
1071,413,38,3,1525.22,0
1072,413,21,1,2967.61,0
1073,413,3,2,6068.9,0
1074,413,36,1,4299.63,0
1075,414,21,3,2967.61,0
1076,414,37,1,8898.85,0
1077,415,31,2,7970.7,0
1078,415,19,1,9582.17,5
1079,415,40,3,9172.33,0
1080,416,25,2,8484.54,0
1081,416,54,1,2327.75,25
1082,417,39,3,7479.47,0
1083,418,52,2,919.12,0
1084,418,50,3,7293.66,0
1085,419,59,3,12800.08,0
1086,420,60,3,9163.59,10
1087,420,35,2,2998.83,5
1088,421,58,1,7800.24,10
1089,421,12,3,4331.15,0
1090,422,45,1,11002.48,25
1091,423,46,3,6189.92,0
1092,423,19,1,9582.17,10
1093,424,19,3,9582.17,5
1094,424,49,2,6065.27,0
1095,424,31,1,7970.7,25
1096,424,45,1,11002.48,20
1097,425,19,3,9582.17,0
1098,425,21,2,2967.61,0
1099,425,25,3,8484.54,0
1100,425,49,1,6065.27,10
1101,426,39,1,7479.47,25
1102,426,49,1,6065.27,5
1103,426,7,3,9566.23,
1104,427,37,2,8898.85,0
1105,427,28,3,10434.86,0
1106,427,47,2,1835.04,0
1107,428,23,3,6127.8,10
1108,429,46,2,6189.92,25
1109,430,41,1,6732.86,10
1110,431,47,3,1835.04,0
1111,431,32,3,12559.25,20
1112,432,27,2,12507.26,0
1113,433,57,3,2023.58,0
1114,433,20,2,9089.61,0
1115,434,27,1,12507.26,15
1116,434,29,2,4700.33,0
1117,434,21,2,2967.61,0
1118,435,57,3,2023.58,0
1119,435,55,2,8917.18,0
1120,436,47,2,1835.04,0
1121,436,15,1,3426.72,0
1122,436,22,1,7423.51,0
1123,436,41,2,6732.86,5
1124,437,59,3,12800.08,10
1125,437,23,1,6127.8,0
1126,437,50,3,7293.66,10
1127,438,1,1,12008.38,0
1128,438,3,1,6068.9,0
1129,439,18,3,14551.4,15
1130,440,2,1,6723.5,0
1131,440,1,3,12008.38,0
1132,440,48,3,6062.17,15
1133,440,54,1,2327.75,25
1134,441,36,3,4299.63,5
1135,441,18,3,14551.4,15
1136,441,31,3,7970.7,10
1137,441,19,1,9582.17,10
1138,442,10,3,10601.46,0
1139,442,52,2,919.12,0
1140,442,41,2,6732.86,0
1141,443,50,2,7293.66,0
1142,444,56,2,12077.06,10
1143,444,1,3,12008.38,25
1144,444,18,3,14551.4,5
1145,444,45,1,11002.48,5
1146,445,3,1,6068.9,0
1147,446,1,3,12008.38,15
1148,446,19,1,9582.17,25
1149,446,8,3,6236.34,0
1150,446,28,2,10434.86,15
1151,447,1,2,12008.38,0
1152,447,21,1,2967.61,0
1153,447,27,1,12507.26,0
1154,447,12,1,4331.15,0
1155,448,18,3,14551.4,0
1156,448,19,2,9582.17,10
1157,449,17,3,7344.41,0
1158,449,37,3,8898.85,0
1159,450,6,1,6150.38,5
1160,450,60,1,9163.59,20
1161,451,16,2,6378.95,0
1162,452,11,2,3405.33,0
1163,452,41,2,6732.86,0
1164,453,55,1,8917.18,0
1165,453,30,1,7006.29,0
1166,453,50,3,7293.66,0
1167,454,22,3,7423.51,0
1168,454,7,1,9566.23,0
1169,454,59,2,12800.08,10
1170,455,39,1,7479.47,5
1171,455,41,3,6732.86,10
1172,455,30,1,7006.29,5
1173,455,32,3,12559.25,0
1174,456,22,3,7423.51,25
1175,457,54,1,2327.75,0
1176,457,43,2,5409.98,5
1177,457,4,2,10523.93,0
1178,457,5,1,6591.65,0
1179,458,37,1,8898.85,0
1180,459,14,1,2002.17,0
1181,460,20,1,9089.61,0
1182,460,4,2,10523.93,0
1183,461,17,3,7344.41,0
1184,461,6,3,6150.38,0
1185,461,32,3,12559.25,0
1186,461,23,1,6127.8,0
1187,462,22,3,7423.51,5
1188,462,45,2,11002.48,5
1189,463,24,2,8428.85,0
1190,463,37,1,8898.85,0
1191,463,25,2,8484.54,0
1192,464,49,2,6065.27,0
1193,464,2,3,6723.5,0
1194,465,44,3,11459.88,20
1195,465,26,3,1873.58,5
1196,465,20,1,9089.61,0
1197,465,3,3,6068.9,25
1198,466,6,2,6150.38,10
1199,467,20,1,9089.61,0
1200,467,6,3,6150.38,0
1201,467,12,2,4331.15,0
1202,468,43,2,5409.98,5
1203,468,25,2,8484.54,0
1204,468,54,3,2327.75,0
1205,468,30,3,7006.29,10
1206,469,50,3,7293.66,0
1207,469,16,2,6378.95,0
1208,470,28,2,10434.86,15
1209,470,6,2,6150.38,20
1210,470,22,2,7423.51,0
1211,471,52,1,919.12,20
1212,471,1,1,12008.38,15
1213,471,11,1,3405.33,0
1214,471,21,2,2967.61,0
1215,472,35,1,2998.83,0
1216,472,49,3,6065.27,0
1217,472,25,3,8484.54,0
1218,472,56,1,12077.06,0
1219,473,17,3,7344.41,0
1220,473,28,2,10434.86,10
1221,473,22,1,7423.51,0
1222,474,6,3,6150.38,15
1223,474,35,2,2998.83,0
1224,475,5,1,6591.65,0
1225,476,22,2,7423.51,0
1226,477,54,1,2327.75,15
1227,478,24,2,8428.85,0
1228,479,59,1,12800.08,0
1229,479,12,2,4331.15,15
1230,479,44,1,11459.88,15
1231,479,19,3,9582.17,25
1232,480,31,2,7970.7,0
1233,480,60,2,9163.59,10
1234,480,36,2,4299.63,25
1235,480,1,3,12008.38,15
1236,481,49,1,6065.27,0
1237,481,21,2,2967.61,0
1238,481,29,1,4700.33,0
1239,482,25,1,8484.54,0
1240,482,39,1,7479.47,0
1241,483,23,2,6127.8,0
1242,483,49,3,6065.27,0
1243,483,14,3,2002.17,10
1244,483,27,2,12507.26,0
1245,484,1,3,12008.38,5
1246,484,35,3,2998.83,20
1247,484,54,3,2327.75,10
1248,485,2,2,6723.5,10
1249,485,21,1,2967.61,0
1250,485,40,2,9172.33,0
1251,485,16,2,6378.95,0
1252,486,14,1,2002.17,0
1253,487,52,1,919.12,
1254,488,56,3,12077.06,25
1255,488,25,3,8484.54,0
1256,488,5,1,6591.65,20
1257,488,51,3,5784.03,0
1258,489,7,3,9566.23,5
1259,490,17,2,7344.41,0
1260,490,7,1,9566.23,0
1261,491,37,3,8898.85,0
1262,491,18,2,14551.4,0
1263,491,39,2,7479.47,0
1264,492,10,3,10601.46,0
1265,492,48,3,6062.17,0
1266,492,52,3,919.12,0
1267,493,31,3,7970.7,0
1268,493,40,2,9172.33,0
1269,493,58,2,7800.24,5
1270,493,11,2,3405.33,10
1271,494,32,3,12559.25,0
1272,494,30,3,7006.29,0
1273,494,37,2,8898.85,0
1274,495,36,1,4299.63,25
1275,495,35,2,2998.83,0
1276,495,55,1,8917.18,20
1277,496,48,1,6062.17,0
1278,497,30,3,7006.29,20
1279,497,7,1,9566.23,5
1280,497,35,1,2998.83,15
1281,497,57,3,2023.58,5
1282,498,1,3,12008.38,25
1283,498,17,2,7344.41,0
1284,498,49,1,6065.27,25
1285,498,27,3,12507.26,10
1286,499,12,1,4331.15,0
1287,499,5,3,6591.65,0
1288,500,20,2,9089.61,15
1289,500,33,1,4033.43,10
1290,501,40,2,9172.33,0
1291,501,43,2,5409.98,15
1292,502,22,2,7423.51,0
1293,502,47,2,1835.04,10
1294,502,23,2,6127.8,0
1295,503,14,2,2002.17,10
1296,503,43,2,5409.98,0
1297,504,7,2,9566.23,0
1298,504,5,2,6591.65,0
1299,504,16,2,6378.95,0
1300,505,29,2,4700.33,0
1301,505,60,1,9163.59,25
1302,505,19,1,9582.17,15
1303,506,45,3,11002.48,0
1304,506,2,2,6723.5,0
1305,506,9,1,3858.09,0
1306,507,17,1,7344.41,0
1307,507,39,2,7479.47,0
1308,507,48,1,6062.17,0
1309,508,51,3,5784.03,5
1310,508,35,3,2998.83,0
1311,508,32,1,12559.25,20
1312,509,53,3,442.24,0
1313,509,18,3,14551.4,0
1314,509,30,3,7006.29,0
1315,509,29,1,4700.33,0
1316,510,21,3,2967.61,0
1317,510,28,3,10434.86,0
1318,511,13,1,3256.25,5
1319,511,50,3,7293.66,0
1320,512,20,1,9089.61,0
1321,512,11,2,3405.33,10
1322,513,25,1,8484.54,0
1323,513,4,1,10523.93,5
1324,514,8,3,6236.34,0
1325,514,32,1,12559.25,0
1326,515,2,2,6723.5,0
1327,515,1,1,12008.38,0
1328,515,25,2,8484.54,0
1329,515,52,3,919.12,0
1330,516,3,1,6068.9,5
1331,516,10,2,10601.46,0
1332,516,55,1,8917.18,0
1333,517,12,2,4331.15,0
1334,517,60,1,9163.59,5
1335,517,34,3,12053.17,0
1336,517,10,3,10601.46,0
1337,518,59,3,12800.08,0
1338,518,27,1,12507.26,0
1339,519,30,3,7006.29,
1340,519,27,2,12507.26,0
1341,519,55,1,8917.18,0
1342,519,58,3,7800.24,0
1343,520,33,1,4033.43,0
1344,520,9,3,3858.09,0
1345,521,22,3,7423.51,15
1346,521,46,1,6189.92,15
1347,521,30,3,7006.29,0
1348,522,12,1,4331.15,5
1349,522,1,2,12008.38,0
1350,523,30,1,7006.29,0
1351,523,40,3,9172.33,0
1352,524,50,3,7293.66,0
1353,524,36,2,4299.63,0
1354,524,30,1,7006.29,10
1355,524,43,1,5409.98,0
1356,525,56,2,12077.06,0
1357,526,50,3,7293.66,0
1358,526,2,3,6723.5,0
1359,527,24,1,8428.85,0
1360,527,11,1,3405.33,0
1361,528,19,2,9582.17,0
1362,528,25,2,8484.54,10
1363,528,58,3,7800.24,0
1364,528,34,3,12053.17,0
1365,529,49,2,6065.27,0
1366,529,52,2,919.12,0
1367,530,58,3,7800.24,0
1368,530,26,3,1873.58,0
1369,531,50,1,7293.66,0
1370,532,5,2,6591.65,10
1371,532,57,2,2023.58,10
1372,533,34,3,12053.17,0
1373,533,7,3,9566.23,0
1374,534,54,2,2327.75,0
1375,534,47,2,1835.04,5
1376,534,18,2,14551.4,0
1377,535,36,3,4299.63,25
1378,535,39,3,7479.47,0
1379,535,54,1,2327.75,25
1380,535,37,2,8898.85,10
1381,536,53,1,442.24,0
1382,536,52,2,919.12,10
1383,536,41,3,6732.86,0
1384,536,48,2,6062.17,0
1385,537,21,1,2967.61,0
1386,538,50,2,7293.66,0
1387,538,53,1,442.24,0
1388,538,12,3,4331.15,10
1389,539,17,2,7344.41,0
1390,539,55,1,8917.18,0
1391,540,49,3,6065.27,5
1392,540,36,3,4299.63,0
1393,540,35,1,2998.83,0
1394,541,40,2,9172.33,0
1395,541,37,1,8898.85,0
1396,541,6,2,6150.38,0
1397,542,10,3,10601.46,20
1398,542,1,3,12008.38,0
1399,543,48,2,6062.17,0
1400,543,17,1,7344.41,0
1401,543,46,3,6189.92,5
1402,543,51,3,5784.03,10
1403,544,46,2,6189.92,5
1404,544,45,2,11002.48,20
1405,544,42,1,2330.94,20
1406,545,5,3,6591.65,5
1407,545,44,2,11459.88,10
1408,546,22,2,7423.51,25
1409,546,15,3,3426.72,5
1410,546,37,1,8898.85,0
1411,547,47,1,1835.04,20
1412,547,11,2,3405.33,20
1413,547,13,3,3256.25,20
1414,547,16,2,6378.95,15
1415,548,32,1,12559.25,0
1416,548,6,1,6150.38,0
1417,548,12,3,4331.15,0
1418,549,7,1,9566.23,20
1419,549,11,3,3405.33,5
1420,549,1,1,12008.38,0
1421,550,39,3,7479.47,0
1422,550,24,3,8428.85,10
1423,551,52,1,919.12,10
1424,552,40,3,9172.33,20
1425,552,59,1,12800.08,5
1426,553,3,3,6068.9,0
1427,553,23,3,6127.8,15
1428,553,4,3,10523.93,25
1429,553,59,3,12800.08,0
1430,554,28,3,10434.86,0
1431,554,25,2,8484.54,0
1432,554,6,3,6150.38,0
1433,554,32,1,12559.25,0
1434,555,48,1,6062.17,0
1435,555,4,3,10523.93,0
1436,555,35,3,2998.83,0
1437,556,12,2,4331.15,0
1438,556,58,1,7800.24,10
1439,556,15,3,3426.72,
1440,556,46,1,6189.92,0
1441,557,59,1,12800.08,0
1442,557,54,2,2327.75,0
1443,557,26,3,1873.58,0
1444,558,27,2,12507.26,0
1445,559,3,1,6068.9,0
1446,559,45,2,11002.48,10
1447,559,50,3,7293.66,0
1448,559,29,3,4700.33,0
1449,560,26,1,1873.58,20
1450,561,8,1,6236.34,5
1451,562,39,1,7479.47,0
1452,562,50,1,7293.66,0
1453,562,3,2,6068.9,0
1454,562,43,1,5409.98,0
1455,563,12,1,4331.15,0
1456,563,41,1,6732.86,0
1457,564,44,3,11459.88,10
1458,565,44,3,11459.88,10
1459,566,37,3,8898.85,0
1460,567,59,2,12800.08,0
1461,567,48,1,6062.17,15
1462,567,16,2,6378.95,0
1463,567,44,2,11459.88,0
1464,568,46,1,6189.92,0
1465,568,57,2,2023.58,0
1466,568,35,3,2998.83,0
1467,568,55,2,8917.18,0
1468,569,46,2,6189.92,0
1469,569,13,2,3256.25,0
1470,570,20,1,9089.61,0
1471,570,58,1,7800.24,0
1472,570,54,2,2327.75,0
1473,570,50,3,7293.66,0
1474,571,42,1,2330.94,20
1475,571,26,3,1873.58,20
1476,572,44,1,11459.88,5
1477,573,14,3,2002.17,0
1478,573,20,2,9089.61,10
1479,574,11,2,3405.33,25
1480,574,27,3,12507.26,0
1481,575,49,2,6065.27,5
1482,576,29,2,4700.33,0
1483,576,58,2,7800.24,5
1484,577,41,2,6732.86,0
1485,577,21,1,2967.61,0
1486,578,33,2,4033.43,0
1487,578,18,3,14551.4,0
1488,579,48,2,6062.17,0
1489,579,49,3,6065.27,5
1490,579,43,1,5409.98,0
1491,580,22,2,7423.51,10
1492,580,24,3,8428.85,15
1493,580,52,2,919.12,10
1494,580,33,1,4033.43,10
1495,581,10,1,10601.46,5
1496,582,41,1,6732.86,10
1497,582,56,3,12077.06,0
1498,582,22,1,7423.51,10
1499,582,51,3,5784.03,15
1500,583,39,1,7479.47,
1501,583,46,1,6189.92,0
1502,583,12,3,4331.15,0
1503,583,31,1,7970.7,15
1504,584,39,2,7479.47,15
1505,584,27,3,12507.26,15
1506,584,33,1,4033.43,5
1507,585,6,3,6150.38,0
1508,585,44,2,11459.88,0
1509,585,49,1,6065.27,0
1510,585,58,2,7800.24,0
1511,586,21,3,2967.61,0
1512,586,35,2,2998.83,0
1513,586,48,2,6062.17,0
1514,586,13,2,3256.25,0
1515,587,25,1,8484.54,0
1516,587,56,1,12077.06,0
1517,587,41,1,6732.86,10
1518,588,11,1,3405.33,20
1519,588,20,1,9089.61,5
1520,588,54,1,2327.75,15
1521,588,55,3,8917.18,10
1522,589,20,3,9089.61,0
1523,590,22,2,7423.51,20
1524,590,47,2,1835.04,10
1525,590,24,2,8428.85,0
1526,591,37,2,8898.85,0
1527,591,51,1,5784.03,0
1528,591,22,1,7423.51,0
1529,592,49,3,6065.27,0
1530,592,10,1,10601.46,10
1531,592,40,2,9172.33,0
1532,592,21,2,2967.61,5
1533,593,21,3,2967.61,0
1534,593,32,3,12559.25,5
1535,593,39,1,7479.47,0
1536,594,20,1,9089.61,20
1537,595,36,2,4299.63,0
1538,595,11,3,3405.33,0
1539,595,39,1,7479.47,
1540,595,29,1,4700.33,0
1541,596,36,1,4299.63,0
1542,596,2,1,6723.5,0
1543,596,41,3,6732.86,5
1544,596,28,3,10434.86,5
1545,597,6,2,6150.38,15
1546,597,49,2,6065.27,5
1547,598,53,1,442.24,0
1548,599,4,2,10523.93,10
1549,600,25,3,8484.54,0
1550,600,49,3,6065.27,0
1551,600,41,1,6732.86,5
1552,601,38,1,1525.22,0
1553,602,18,1,14551.4,0
1554,602,36,2,4299.63,15
1555,602,24,2,8428.85,0
1556,603,52,3,919.12,0
1557,603,7,3,9566.23,0
1558,603,48,2,6062.17,0
1559,603,60,3,9163.59,0
1560,604,1,2,12008.38,0
1561,604,14,2,2002.17,0
1562,604,54,1,2327.75,0
1563,605,5,1,6591.65,0
1564,605,40,1,9172.33,20
1565,606,42,1,2330.94,0
1566,606,13,2,3256.25,0
1567,607,8,2,6236.34,0
1568,607,59,3,12800.08,0
1569,608,45,3,11002.48,0
1570,609,28,3,10434.86,0
1571,609,54,2,2327.75,0
1572,609,30,1,7006.29,0
1573,609,27,2,12507.26,0
1574,610,36,2,4299.63,0
1575,610,45,2,11002.48,0
1576,610,32,2,12559.25,0
1577,610,51,3,5784.03,0
1578,611,24,2,8428.85,0
1579,611,30,3,7006.29,0
1580,611,23,2,6127.8,0
1581,611,50,3,7293.66,0
1582,612,39,3,7479.47,10
1583,612,22,2,7423.51,20
1584,613,37,3,8898.85,0
1585,614,36,1,4299.63,20
1586,614,60,1,9163.59,20
1587,614,26,3,1873.58,
1588,615,10,2,10601.46,0
1589,615,59,3,12800.08,5
1590,615,5,1,6591.65,0
1591,615,45,3,11002.48,10
1592,616,1,2,12008.38,25
1593,616,45,3,11002.48,10
1594,616,39,2,7479.47,5
1595,616,20,2,9089.61,0
1596,617,44,1,11459.88,25
1597,617,32,1,12559.25,0
1598,617,2,2,6723.5,15
1599,618,14,3,2002.17,0
1600,618,40,2,9172.33,5
1601,618,27,3,12507.26,0
1602,618,7,3,9566.23,0
1603,619,58,1,7800.24,15
1604,619,29,3,4700.33,5
1605,620,50,2,7293.66,0
1606,620,25,2,8484.54,0
1607,621,9,3,3858.09,10
1608,621,48,3,6062.17,0
1609,622,27,2,12507.26,0
1610,623,31,1,7970.7,5
1611,623,26,3,1873.58,25
1612,623,33,2,4033.43,10
1613,624,20,1,9089.61,25
1614,624,9,1,3858.09,15
1615,625,59,1,12800.08,0
1616,625,16,1,6378.95,25
1617,625,56,1,12077.06,10
1618,626,37,3,8898.85,10
1619,627,50,2,7293.66,0
1620,627,26,1,1873.58,0
1621,627,2,3,6723.5,0
1622,628,32,2,12559.25,5
1623,628,50,1,7293.66,10
1624,628,5,2,6591.65,0
1625,629,55,3,8917.18,25
1626,629,31,3,7970.7,15
1627,629,33,2,4033.43,0
1628,630,56,2,12077.06,0
1629,630,19,2,9582.17,15
1630,630,39,2,7479.47,25
1631,631,52,3,919.12,0
1632,631,50,1,7293.66,0
1633,632,39,1,7479.47,0
1634,632,51,2,5784.03,0
1635,633,10,3,10601.46,5
1636,633,17,2,7344.41,0
1637,633,39,3,7479.47,0
1638,634,39,1,7479.47,15
1639,634,7,1,9566.23,5
1640,634,31,3,7970.7,10
1641,634,28,3,10434.86,0
1642,635,19,2,9582.17,0
1643,635,28,3,10434.86,0
1644,635,16,1,6378.95,0
1645,636,6,2,6150.38,10
1646,636,37,1,8898.85,25
1647,637,16,3,6378.95,0
1648,638,29,2,4700.33,15
1649,638,10,3,10601.46,25
1650,638,48,1,6062.17,25
1651,638,57,2,2023.58,0
1652,639,51,2,5784.03,10
1653,639,26,1,1873.58,20
1654,640,29,2,4700.33,0
1655,641,6,2,6150.38,10
1656,641,28,3,10434.86,25
1657,641,17,1,7344.41,0
1658,641,23,1,6127.8,0
1659,642,29,1,4700.33,0
1660,642,10,3,10601.46,5
1661,642,19,3,9582.17,0
1662,643,28,3,10434.86,5
1663,643,58,1,7800.24,0
1664,643,11,3,3405.33,0
1665,643,16,1,6378.95,0
1666,644,33,2,4033.43,5
1667,644,53,1,442.24,0
1668,644,2,2,6723.5,0
1669,645,11,1,3405.33,10
1670,645,41,2,6732.86,0
1671,646,51,2,5784.03,0
1672,646,39,3,7479.47,0
1673,646,37,1,8898.85,0
1674,647,25,1,8484.54,0
1675,647,20,1,9089.61,0
1676,647,24,3,8428.85,10
1677,647,2,1,6723.5,5
1678,648,24,1,8428.85,0
1679,648,57,1,2023.58,20
1680,648,14,2,2002.17,15
1681,648,30,3,7006.29,5
1682,649,13,1,3256.25,10
1683,649,20,3,9089.61,0
1684,649,60,1,9163.59,0
1685,650,24,2,8428.85,0
1686,650,4,3,10523.93,5
1687,650,52,1,919.12,0
1688,651,10,2,10601.46,0
1689,651,49,1,6065.27,0
1690,651,59,1,12800.08,0
1691,652,59,1,12800.08,0
1692,652,14,1,2002.17,0
1693,652,1,1,12008.38,0
1694,653,40,3,9172.33,15
1695,653,47,2,1835.04,25
1696,653,24,2,8428.85,0
1697,654,33,1,4033.43,0
1698,654,20,2,9089.61,5
1699,654,32,1,12559.25,0
1700,655,27,2,12507.26,5
1701,655,48,3,6062.17,10
1702,655,26,1,1873.58,0
1703,656,8,2,6236.34,20
1704,656,20,1,9089.61,25
1705,656,16,2,6378.95,15
1706,657,10,1,10601.46,0
1707,658,12,3,4331.15,0
1708,658,3,2,6068.9,0
1709,658,9,1,3858.09,0
1710,658,19,1,9582.17,0
1711,659,51,1,5784.03,15
1712,659,11,3,3405.33,25
1713,660,42,2,2330.94,0
1714,660,50,2,7293.66,0
1715,661,27,3,12507.26,0
1716,661,52,1,919.12,0
1717,661,60,1,9163.59,0
1718,661,16,1,6378.95,0
1719,662,38,1,1525.22,0
1720,662,16,3,6378.95,0
1721,662,46,3,6189.92,0
1722,663,5,2,6591.65,20
1723,663,4,2,10523.93,0
1724,663,3,2,6068.9,0
1725,664,1,2,12008.38,10
1726,664,56,1,12077.06,0
1727,665,3,3,6068.9,
1728,665,50,2,7293.66,0
1729,665,1,1,12008.38,0
1730,665,41,3,6732.86,0
1731,666,28,2,10434.86,0
1732,666,50,2,7293.66,
1733,667,60,2,9163.59,0
1734,667,30,2,7006.29,0
1735,667,59,1,12800.08,0
1736,667,57,3,2023.58,0
1737,668,16,3,6378.95,0
1738,668,26,2,1873.58,10
1739,668,1,3,12008.38,5
1740,668,28,3,10434.86,0
1741,669,12,1,4331.15,10
1742,669,35,1,2998.83,15
1743,669,42,2,2330.94,0
1744,670,20,1,9089.61,0
1745,670,35,1,2998.83,10
1746,670,45,1,11002.48,0
1747,671,31,1,7970.7,0
1748,672,47,1,1835.04,15
1749,672,2,3,6723.5,20
1750,672,59,3,12800.08,15
1751,673,14,3,2002.17,0
1752,673,11,3,3405.33,0
1753,673,13,2,3256.25,0
1754,673,40,2,9172.33,0
1755,674,2,2,6723.5,10
1756,674,43,1,5409.98,5
1757,674,60,3,9163.59,0
1758,675,8,2,6236.34,0
1759,675,40,1,9172.33,0
1760,675,52,2,919.12,0
1761,676,55,1,8917.18,0
1762,676,27,2,12507.26,10
1763,676,5,3,6591.65,5
1764,677,17,1,7344.41,0
1765,678,54,3,2327.75,0
1766,678,49,3,6065.27,0
1767,678,36,3,4299.63,0
1768,679,6,1,6150.38,5
1769,679,43,2,5409.98,10
1770,679,22,1,7423.51,0
1771,679,18,3,14551.4,0
1772,680,41,1,6732.86,0
1773,681,1,2,12008.38,5
1774,681,44,3,11459.88,0
1775,681,34,2,12053.17,25
1776,681,57,3,2023.58,10
1777,682,1,3,12008.38,10
1778,682,8,3,6236.34,10
1779,682,26,1,1873.58,10
1780,682,38,3,1525.22,20
1781,683,46,2,6189.92,10
1782,683,8,1,6236.34,0
1783,684,29,1,4700.33,0
1784,684,43,3,5409.98,0
1785,684,13,2,3256.25,0
1786,685,4,3,10523.93,15
1787,685,51,1,5784.03,10
1788,686,38,3,1525.22,0
1789,687,31,1,7970.7,0
1790,687,15,2,3426.72,0
1791,688,34,1,12053.17,5
1792,688,17,2,7344.41,0
1793,688,45,3,11002.48,0
1794,689,34,2,12053.17,
1795,689,1,1,12008.38,0
1796,689,10,3,10601.46,0
1797,689,2,2,6723.5,0
1798,690,7,2,9566.23,15
1799,690,25,1,8484.54,20
1800,690,31,3,7970.7,5
1801,691,14,3,2002.17,10
1802,692,3,2,6068.9,15
1803,693,40,3,9172.33,0
1804,693,8,1,6236.34,10
1805,694,53,1,442.24,10
1806,694,14,2,2002.17,15
1807,694,51,2,5784.03,10
1808,694,27,1,12507.26,0
1809,695,47,1,1835.04,20
1810,696,47,2,1835.04,0
1811,697,31,3,7970.7,0
1812,697,25,2,8484.54,5
1813,698,18,3,14551.4,25
1814,698,46,3,6189.92,0
1815,699,29,2,4700.33,0
1816,699,28,3,10434.86,0
1817,700,60,1,9163.59,0
1818,700,6,3,6150.38,25
1819,700,56,1,12077.06,10
1820,700,38,1,1525.22,0
1821,701,35,3,2998.83,10
1822,701,36,1,4299.63,0
1823,702,45,3,11002.48,0
1824,702,41,3,6732.86,0
1825,703,2,3,6723.5,10
1826,703,3,3,6068.9,0
1827,703,49,1,6065.27,0
1828,704,4,1,10523.93,0
1829,704,51,2,5784.03,0
1830,704,41,3,6732.86,0
1831,705,39,2,7479.47,5
1832,705,43,2,5409.98,5
1833,706,3,3,6068.9,0
1834,707,34,1,12053.17,0
1835,707,10,3,10601.46,0
1836,707,26,3,1873.58,10
1837,708,41,1,6732.86,0
1838,709,50,1,7293.66,5
1839,710,54,3,2327.75,15
1840,710,34,3,12053.17,20
1841,710,8,1,6236.34,20
1842,711,16,3,6378.95,10
1843,711,10,3,10601.46,0
1844,711,44,1,11459.88,20
1845,712,14,2,2002.17,20
1846,712,7,2,9566.23,0
1847,712,20,2,9089.61,0
1848,712,50,3,7293.66,0
1849,713,25,3,8484.54,0
1850,713,20,1,9089.61,0
1851,713,27,2,12507.26,0
1852,713,51,3,5784.03,0
1853,714,44,2,11459.88,0
1854,715,14,3,2002.17,0
1855,715,49,3,6065.27,5
1856,716,34,1,12053.17,0
1857,716,30,3,7006.29,5
1858,716,47,1,1835.04,0
1859,716,57,1,2023.58,10
1860,717,49,2,6065.27,0
1861,717,21,3,2967.61,
1862,717,25,1,8484.54,0
1863,717,7,1,9566.23,0
1864,718,16,2,6378.95,0
1865,719,59,2,12800.08,0
1866,719,1,1,12008.38,5
1867,719,57,3,2023.58,0
1868,719,40,2,9172.33,20
1869,720,13,3,3256.25,0
1870,720,11,2,3405.33,0
1871,720,53,1,442.24,5
1872,720,47,3,1835.04,0
1873,721,50,2,7293.66,0
1874,722,8,1,6236.34,0
1875,723,24,1,8428.85,0
1876,723,25,2,8484.54,0
1877,724,50,1,7293.66,0
1878,724,14,1,2002.17,0
1879,725,40,2,9172.33,0
1880,725,14,1,2002.17,0
1881,726,20,3,9089.61,0
1882,726,16,1,6378.95,0
1883,726,31,3,7970.7,0
1884,727,39,2,7479.47,0
1885,728,60,2,9163.59,10
1886,728,2,3,6723.5,0
1887,729,54,3,2327.75,0
1888,729,36,2,4299.63,10
1889,729,42,2,2330.94,0
1890,730,19,3,9582.17,0
1891,731,19,3,9582.17,0
1892,731,50,2,7293.66,0
1893,732,30,3,7006.29,0
1894,733,21,3,2967.61,0
1895,733,43,1,5409.98,0
1896,734,27,3,12507.26,20
1897,734,57,3,2023.58,0
1898,734,43,2,5409.98,10
1899,735,23,1,6127.8,20
1900,735,27,3,12507.26,0
1901,735,41,2,6732.86,5
1902,735,5,1,6591.65,0
1903,736,41,2,6732.86,
1904,736,58,3,7800.24,0
1905,736,3,2,6068.9,0
1906,737,33,2,4033.43,0
1907,737,13,1,3256.25,5
1908,737,5,1,6591.65,0
1909,737,6,2,6150.38,0
1910,738,56,2,12077.06,0
1911,738,41,1,6732.86,0
1912,739,29,3,4700.33,20
1913,739,39,3,7479.47,5
1914,739,19,1,9582.17,0
1915,739,26,2,1873.58,0
1916,740,2,2,6723.5,10
1917,740,26,2,1873.58,10
1918,740,60,2,9163.59,10
1919,741,30,1,7006.29,
1920,742,9,2,3858.09,10
1921,742,30,3,7006.29,15
1922,742,32,1,12559.25,0
1923,743,53,1,442.24,10
1924,744,60,3,9163.59,0
1925,745,41,3,6732.86,5
1926,745,6,2,6150.38,25
1927,746,49,3,6065.27,5
1928,746,28,1,10434.86,15
1929,747,32,3,12559.25,0
1930,748,26,1,1873.58,0
1931,749,25,3,8484.54,0
1932,750,26,1,1873.58,0
1933,751,37,1,8898.85,0
1934,751,10,3,10601.46,0
1935,751,47,3,1835.04,0
1936,751,5,3,6591.65,0
1937,752,11,2,3405.33,0
1938,753,33,3,4033.43,5
1939,753,19,2,9582.17,25
1940,753,42,1,2330.94,0
1941,754,25,1,8484.54,0
1942,754,31,1,7970.7,10
1943,754,13,3,3256.25,25
1944,754,35,3,2998.83,20
1945,755,21,3,2967.61,10
1946,755,34,1,12053.17,0
1947,756,57,2,2023.58,0
1948,756,2,3,6723.5,0
1949,756,43,3,5409.98,10
1950,757,18,2,14551.4,10
1951,757,17,3,7344.41,10
1952,757,12,1,4331.15,0
1953,758,35,2,2998.83,0
1954,758,58,3,7800.24,0
1955,759,12,3,4331.15,0
1956,759,59,2,12800.08,0
1957,759,22,2,7423.51,5
1958,759,25,2,8484.54,0
1959,760,55,3,8917.18,0
1960,760,36,1,4299.63,0
1961,760,21,1,2967.61,0
1962,760,2,3,6723.5,5
1963,761,38,2,1525.22,0
1964,761,16,2,6378.95,0
1965,761,18,2,14551.4,0
1966,762,31,2,7970.7,10
1967,762,47,1,1835.04,0
1968,762,55,1,8917.18,15
1969,762,34,2,12053.17,0
1970,763,49,1,6065.27,0
1971,763,31,2,7970.7,0
1972,764,27,2,12507.26,0
1973,764,4,2,10523.93,0
1974,764,21,1,2967.61,0
1975,764,56,2,12077.06,0
1976,765,24,2,8428.85,10
1977,765,51,3,5784.03,0
1978,765,56,2,12077.06,5
1979,765,21,1,2967.61,15
1980,766,16,2,6378.95,5
1981,767,36,2,4299.63,0
1982,767,48,2,6062.17,0
1983,767,12,3,4331.15,0
1984,767,44,3,11459.88,0
1985,768,42,2,2330.94,0
1986,768,27,2,12507.26,5
1987,768,10,1,10601.46,0
1988,769,39,3,7479.47,5
1989,769,10,3,10601.46,5
1990,770,23,3,6127.8,0
1991,770,2,1,6723.5,0
1992,770,35,2,2998.83,0
1993,770,11,2,3405.33,0
1994,771,21,3,2967.61,0
1995,772,46,1,6189.92,10
1996,772,29,3,4700.33,0
1997,773,10,1,10601.46,0
1998,773,37,1,8898.85,0
1999,774,16,3,6378.95,0
2000,774,36,3,4299.63,0
2001,774,10,2,10601.46,0
2002,775,48,1,6062.17,0
2003,775,57,2,2023.58,0
2004,775,32,2,12559.25,0
2005,775,15,1,3426.72,0
2006,776,37,1,8898.85,0
2007,776,12,3,4331.15,0
2008,777,9,1,3858.09,5
2009,777,38,1,1525.22,10
2010,777,36,3,4299.63,0
2011,778,39,3,7479.47,0
2012,778,52,3,919.12,0
2013,778,44,3,11459.88,10
2014,778,57,2,2023.58,0
2015,779,20,3,9089.61,0
2016,779,16,1,6378.95,0
2017,779,60,1,9163.59,0
2018,780,42,3,2330.94,0
2019,780,37,2,8898.85,0
2020,781,59,1,12800.08,0
2021,781,1,1,12008.38,0
2022,782,8,2,6236.34,5
2023,782,14,3,2002.17,10
2024,783,29,3,4700.33,0
2025,784,3,2,6068.9,
2026,784,19,1,9582.17,15
2027,785,7,3,9566.23,25
2028,785,6,2,6150.38,0
2029,786,2,3,6723.5,0
2030,786,54,2,2327.75,5
2031,787,9,1,3858.09,20
2032,787,50,2,7293.66,15
2033,787,45,3,11002.48,15
2034,788,57,1,2023.58,20
2035,789,15,3,3426.72,0
2036,789,36,2,4299.63,0
2037,789,32,1,12559.25,10
2038,789,18,1,14551.4,0
2039,790,15,1,3426.72,
2040,791,24,2,8428.85,0
2041,791,28,2,10434.86,0
2042,791,58,1,7800.24,0
2043,791,51,1,5784.03,10
2044,792,52,1,919.12,20
2045,793,32,1,12559.25,25
2046,794,38,2,1525.22,0
2047,794,2,1,6723.5,0
2048,795,22,2,7423.51,0
2049,795,6,1,6150.38,0
2050,796,35,2,2998.83,0
2051,796,56,1,12077.06,5
2052,796,34,3,12053.17,0
2053,797,54,1,2327.75,5
2054,797,28,1,10434.86,0
2055,797,57,2,2023.58,20
2056,798,51,2,5784.03,10
2057,799,53,3,442.24,5
2058,800,17,1,7344.41,0
2059,801,41,2,6732.86,0
2060,801,15,2,3426.72,10
2061,801,42,1,2330.94,0
2062,801,5,1,6591.65,0
2063,802,28,3,10434.86,15
2064,802,12,1,4331.15,
2065,802,14,3,2002.17,0
2066,803,30,1,7006.29,20
2067,803,4,1,10523.93,0
2068,804,16,1,6378.95,10
2069,805,60,2,9163.59,0
2070,805,43,1,5409.98,0
2071,805,33,2,4033.43,0
2072,806,60,2,9163.59,20
2073,806,1,2,12008.38,0
2074,806,35,1,2998.83,5
2075,806,12,2,4331.15,5
2076,807,51,3,5784.03,0
2077,807,11,2,3405.33,0
2078,807,39,2,7479.47,0
2079,808,17,3,7344.41,15
2080,809,32,3,12559.25,0
2081,809,19,2,9582.17,10
2082,810,12,3,4331.15,0
2083,810,19,3,9582.17,15
2084,810,41,2,6732.86,20
2085,810,3,1,6068.9,5
2086,811,38,2,1525.22,0
2087,811,49,3,6065.27,0
2088,811,16,1,6378.95,0
2089,812,9,3,3858.09,5
2090,812,17,1,7344.41,5
2091,812,26,1,1873.58,0
2092,812,31,3,7970.7,0
2093,813,46,2,6189.92,0
2094,813,27,1,12507.26,15
2095,814,59,2,12800.08,0
2096,815,56,2,12077.06,10
2097,816,50,3,7293.66,25
2098,817,54,2,2327.75,0
2099,817,36,1,4299.63,0
2100,817,10,3,10601.46,0
2101,817,7,2,9566.23,0
2102,818,45,3,11002.48,0
2103,818,38,2,1525.22,0
2104,819,21,1,2967.61,0
2105,819,52,1,919.12,0
2106,819,43,2,5409.98,0
2107,820,31,1,7970.7,0
2108,821,16,3,6378.95,0
2109,821,27,3,12507.26,
2110,821,46,1,6189.92,0
2111,822,12,3,4331.15,0
2112,822,4,3,10523.93,0
2113,822,19,2,9582.17,0
2114,823,21,2,2967.61,0
2115,823,28,2,10434.86,0
2116,823,56,2,12077.06,0
2117,824,16,2,6378.95,0
2118,824,55,1,8917.18,0
2119,825,15,1,3426.72,10
2120,825,60,2,9163.59,20
2121,825,4,2,10523.93,10
2122,826,12,1,4331.15,0
2123,827,4,1,10523.93,0
2124,827,1,2,12008.38,0
2125,827,49,3,6065.27,5
2126,827,58,3,7800.24,0
2127,828,9,3,3858.09,0
2128,828,46,3,6189.92,5
2129,828,27,3,12507.26,0
2130,828,51,2,5784.03,0
2131,829,30,2,7006.29,0
2132,830,33,2,4033.43,20
2133,830,21,3,2967.61,20
2134,831,8,1,6236.34,0
2135,832,29,1,4700.33,0
2136,833,13,3,3256.25,0
2137,834,42,3,2330.94,0
2138,835,25,2,8484.54,0
2139,836,57,1,2023.58,0
2140,836,20,2,9089.61,0
2141,837,18,2,14551.4,25
2142,837,17,3,7344.41,0
2143,838,1,1,12008.38,0
2144,839,56,3,12077.06,0
2145,839,35,3,2998.83,0
2146,839,48,3,6062.17,0
2147,840,54,3,2327.75,10
2148,840,31,1,7970.7,0
2149,841,18,3,14551.4,0
2150,841,9,3,3858.09,0
2151,842,2,1,6723.5,0
2152,842,26,1,1873.58,0
2153,842,59,1,12800.08,
2154,842,53,1,442.24,
2155,843,8,3,6236.34,0
2156,843,3,3,6068.9,0
2157,843,59,1,12800.08,0
2158,843,2,1,6723.5,0
2159,844,60,3,9163.59,0
2160,844,21,3,2967.61,0
2161,844,42,3,2330.94,5
2162,845,59,2,12800.08,0
2163,845,12,1,4331.15,5
2164,845,1,3,12008.38,15
2165,845,24,1,8428.85,0
2166,846,19,2,9582.17,25
2167,846,1,3,12008.38,25
2168,847,28,3,10434.86,10
2169,847,27,3,12507.26,
2170,848,31,3,7970.7,5
2171,849,37,1,8898.85,0
2172,850,30,1,7006.29,15
2173,850,55,3,8917.18,0
2174,850,41,3,6732.86,10
2175,851,8,3,6236.34,0
2176,851,30,2,7006.29,0
2177,851,32,1,12559.25,0
2178,852,9,3,3858.09,0
2179,852,28,3,10434.86,0
2180,852,18,2,14551.4,0
2181,852,12,1,4331.15,10
2182,853,1,2,12008.38,
2183,853,55,3,8917.18,5
2184,854,18,2,14551.4,0
2185,854,4,3,10523.93,
2186,854,30,1,7006.29,25
2187,854,11,3,3405.33,20
2188,855,1,3,12008.38,0
2189,855,31,3,7970.7,5
2190,855,5,2,6591.65,5
2191,856,53,3,442.24,5
2192,856,56,1,12077.06,0
2193,857,57,3,2023.58,0
2194,858,27,2,12507.26,15
2195,858,38,2,1525.22,0
2196,858,36,3,4299.63,0
2197,858,37,2,8898.85,15
2198,859,3,1,6068.9,25
2199,860,58,2,7800.24,10
2200,860,19,1,9582.17,5
2201,860,14,2,2002.17,0
2202,860,57,2,2023.58,25
2203,861,36,1,4299.63,0
2204,861,20,3,9089.61,0
2205,862,4,3,10523.93,10
2206,862,29,2,4700.33,0
2207,862,53,2,442.24,0
2208,863,58,3,7800.24,5
2209,863,50,1,7293.66,0
2210,863,21,2,2967.61,0
2211,864,52,1,919.12,0
2212,864,19,2,9582.17,0
2213,864,46,2,6189.92,5
2214,865,58,1,7800.24,20
2215,865,21,3,2967.61,5
2216,865,51,3,5784.03,0
2217,865,37,3,8898.85,0
2218,866,3,3,6068.9,0
2219,866,54,3,2327.75,0
2220,866,32,3,12559.25,0
2221,867,4,3,10523.93,0
2222,868,1,1,12008.38,0
2223,869,5,1,6591.65,0
2224,870,49,2,6065.27,10
2225,870,16,1,6378.95,10
2226,870,59,3,12800.08,5
2227,871,46,3,6189.92,0
2228,871,29,3,4700.33,0
2229,871,31,1,7970.7,0
2230,871,17,3,7344.41,0
2231,872,30,2,7006.29,5
2232,872,25,1,8484.54,5
2233,872,49,2,6065.27,0
2234,872,55,1,8917.18,0
2235,873,43,1,5409.98,0
2236,873,37,1,8898.85,5
2237,874,23,2,6127.8,0
2238,875,15,3,3426.72,0
2239,875,51,2,5784.03,0
2240,875,9,3,3858.09,0
2241,875,40,2,9172.33,0
2242,876,20,3,9089.61,
2243,876,11,3,3405.33,15
2244,876,26,1,1873.58,20
2245,876,3,1,6068.9,10
2246,877,12,1,4331.15,0
2247,878,34,3,12053.17,10
2248,879,35,1,2998.83,0
2249,879,24,3,8428.85,0
2250,880,36,2,4299.63,25
2251,880,34,1,12053.17,20
2252,880,3,1,6068.9,25
2253,880,46,1,6189.92,0
2254,881,11,1,3405.33,5
2255,881,47,3,1835.04,5
2256,882,18,3,14551.4,10
2257,882,32,2,12559.25,0
2258,882,42,3,2330.94,5
2259,883,4,1,10523.93,0
2260,883,18,2,14551.4,0
2261,884,46,3,6189.92,15
2262,884,13,2,3256.25,
2263,884,3,1,6068.9,25
2264,885,58,1,7800.24,0
2265,885,38,3,1525.22,5
2266,885,7,2,9566.23,0
2267,885,40,1,9172.33,0
2268,886,16,1,6378.95,0
2269,886,54,1,2327.75,0
2270,886,48,2,6062.17,5
2271,887,30,1,7006.29,10
2272,887,49,1,6065.27,0
2273,887,57,2,2023.58,0
2274,887,58,2,7800.24,0
2275,888,23,2,6127.8,0
2276,888,1,2,12008.38,5
2277,888,20,1,9089.61,0
2278,888,42,3,2330.94,10
2279,889,7,3,9566.23,0
2280,889,44,3,11459.88,0
2281,890,10,3,10601.46,0
2282,890,41,1,6732.86,10
2283,890,16,3,6378.95,0
2284,890,47,1,1835.04,0
2285,891,53,1,442.24,15
2286,891,3,3,6068.9,5
2287,892,59,2,12800.08,0
2288,892,45,3,11002.48,0
2289,892,37,3,8898.85,0
2290,892,44,1,11459.88,0
2291,893,52,1,919.12,0
2292,893,5,1,6591.65,0
2293,893,28,3,10434.86,0
2294,893,14,3,2002.17,0
2295,894,39,2,7479.47,20
2296,894,10,1,10601.46,15
2297,894,21,2,2967.61,0
2298,894,51,1,5784.03,15
2299,895,16,1,6378.95,0
2300,895,51,2,5784.03,0
2301,896,15,3,3426.72,0
2302,896,7,2,9566.23,0
2303,896,59,1,12800.08,5
2304,896,44,3,11459.88,0
2305,897,24,3,8428.85,0
2306,897,53,3,442.24,0
2307,898,4,3,10523.93,0
2308,898,8,2,6236.34,0
2309,898,32,1,12559.25,0
2310,898,13,2,3256.25,15
2311,899,42,1,2330.94,0
2312,900,3,3,6068.9,0
2313,901,8,3,6236.34,0
2314,901,28,1,10434.86,0
2315,902,59,2,12800.08,0
2316,902,3,1,6068.9,0
2317,903,37,1,8898.85,0
2318,903,47,3,1835.04,0
2319,904,10,1,10601.46,0
2320,904,41,3,6732.86,0
2321,905,51,2,5784.03,15
2322,905,23,2,6127.8,5
2323,906,51,2,5784.03,5
2324,906,8,1,6236.34,0
2325,906,49,3,6065.27,0
2326,906,33,3,4033.43,0
2327,907,60,2,9163.59,0
2328,907,46,2,6189.92,5
2329,907,49,1,6065.27,0
2330,907,17,1,7344.41,0
2331,908,17,1,7344.41,0
2332,908,10,1,10601.46,15
2333,908,23,2,6127.8,25
2334,909,16,1,6378.95,5
2335,909,54,2,2327.75,0
2336,909,58,2,7800.24,
2337,909,41,3,6732.86,0
2338,910,10,2,10601.46,0
2339,910,1,3,12008.38,0
2340,910,57,1,2023.58,0
2341,911,51,3,5784.03,5
2342,911,31,3,7970.7,5
2343,911,3,3,6068.9,0
2344,912,18,3,14551.4,10
2345,912,2,2,6723.5,15
2346,912,37,1,8898.85,5
2347,912,60,1,9163.59,20
2348,913,7,1,9566.23,0
2349,913,9,3,3858.09,0
2350,913,47,2,1835.04,0
2351,913,43,2,5409.98,0
2352,914,32,2,12559.25,0
2353,914,58,1,7800.24,0
2354,914,31,3,7970.7,0
2355,914,15,2,3426.72,0
2356,915,13,2,3256.25,25
2357,915,8,3,6236.34,0
2358,915,39,1,7479.47,25
2359,916,18,2,14551.4,
2360,916,19,2,9582.17,0
2361,916,37,2,8898.85,0
2362,916,41,2,6732.86,0
2363,917,53,2,442.24,0
2364,917,13,2,3256.25,0
2365,917,25,1,8484.54,0
2366,917,57,3,2023.58,0
2367,918,8,3,6236.34,0
2368,919,38,1,1525.22,0
2369,919,30,2,7006.29,0
2370,919,47,1,1835.04,0
2371,920,40,3,9172.33,0
2372,920,26,2,1873.58,0
2373,920,23,2,6127.8,0
2374,921,40,3,9172.33,25
2375,921,8,3,6236.34,0
2376,921,26,2,1873.58,15
2377,922,10,2,10601.46,20
2378,922,15,1,3426.72,0
2379,923,7,2,9566.23,5
2380,923,16,2,6378.95,0
2381,923,11,2,3405.33,0
2382,924,24,1,8428.85,5
2383,924,22,3,7423.51,15
2384,924,31,1,7970.7,25
2385,924,52,1,919.12,10
2386,925,22,2,7423.51,0
2387,925,55,3,8917.18,0
2388,925,26,1,1873.58,0
2389,925,56,1,12077.06,0
2390,926,13,1,3256.25,5
2391,926,17,3,7344.41,0
2392,926,45,2,11002.48,0
2393,927,55,2,8917.18,15
2394,928,46,3,6189.92,0
2395,928,38,3,1525.22,0
2396,928,27,1,12507.26,0
2397,928,33,3,4033.43,0
2398,929,29,1,4700.33,0
2399,929,57,1,2023.58,0
2400,929,19,2,9582.17,0
2401,929,5,3,6591.65,0
2402,930,47,1,1835.04,0
2403,930,56,1,12077.06,0
2404,930,49,1,6065.27,10
2405,931,15,2,3426.72,0
2406,932,60,1,9163.59,0
2407,932,53,2,442.24,5
2408,932,1,3,12008.38,5
2409,933,53,2,442.24,0
2410,933,32,1,12559.25,10
2411,933,11,3,3405.33,0
2412,934,11,1,3405.33,0
2413,934,43,3,5409.98,0
2414,935,54,2,2327.75,0
2415,936,4,3,10523.93,0
2416,936,25,2,8484.54,0
2417,936,24,1,8428.85,15
2418,937,25,3,8484.54,0
2419,937,26,1,1873.58,0
2420,937,49,2,6065.27,0
2421,938,4,3,10523.93,10
2422,939,30,2,7006.29,0
2423,940,45,2,11002.48,5
2424,940,23,2,6127.8,0
2425,940,12,1,4331.15,0
2426,941,10,3,10601.46,15
2427,941,8,3,6236.34,10
2428,942,13,1,3256.25,0
2429,942,19,2,9582.17,0
2430,943,1,3,12008.38,0
2431,943,56,2,12077.06,0
2432,944,26,1,1873.58,0
2433,944,28,1,10434.86,20
2434,945,37,2,8898.85,0
2435,945,10,3,10601.46,10
2436,945,2,1,6723.5,0
2437,946,14,2,2002.17,10
2438,946,3,3,6068.9,0
2439,946,10,3,10601.46,0
2440,946,38,1,1525.22,5
2441,947,7,3,9566.23,5
2442,947,13,3,3256.25,10
2443,947,14,1,2002.17,5
2444,948,24,3,8428.85,10
2445,949,26,2,1873.58,0
2446,949,20,2,9089.61,0
2447,949,58,1,7800.24,0
2448,949,1,1,12008.38,0
2449,950,16,3,6378.95,0
2450,950,54,2,2327.75,0
2451,950,21,1,2967.61,0
2452,950,34,1,12053.17,0
2453,951,5,1,6591.65,0
2454,951,13,3,3256.25,0
2455,952,6,2,6150.38,20
2456,953,42,1,2330.94,5
2457,954,46,1,6189.92,0
2458,954,1,1,12008.38,0
2459,955,52,3,919.12,15
2460,955,12,1,4331.15,0
2461,955,18,3,14551.4,0
2462,956,53,1,442.24,0
2463,956,30,1,7006.29,0
2464,957,14,3,2002.17,5
2465,957,53,3,442.24,0
2466,958,36,1,4299.63,0
2467,958,20,1,9089.61,0
2468,958,50,3,7293.66,0
2469,958,7,2,9566.23,0
2470,959,26,2,1873.58,5
2471,960,1,3,12008.38,10
2472,960,41,1,6732.86,0
2473,961,23,3,6127.8,0
2474,962,12,3,4331.15,0
2475,962,48,2,6062.17,0
2476,962,44,3,11459.88,0
2477,962,2,1,6723.5,10
2478,963,22,3,7423.51,0
2479,963,21,3,2967.61,0
2480,964,10,1,10601.46,0
2481,964,49,2,6065.27,0
2482,964,40,3,9172.33,0
2483,964,27,3,12507.26,0
2484,965,26,3,1873.58,0
2485,965,18,2,14551.4,20
2486,965,5,3,6591.65,20
2487,966,19,1,9582.17,0
2488,966,50,3,7293.66,0
2489,966,38,1,1525.22,0
2490,966,35,1,2998.83,0
2491,967,2,2,6723.5,0
2492,968,56,2,12077.06,0
2493,968,43,3,5409.98,0
2494,969,56,2,12077.06,0
2495,969,16,1,6378.95,10
2496,969,1,3,12008.38,0
2497,969,10,3,10601.46,0
2498,970,36,1,4299.63,0
2499,971,33,3,4033.43,10
2500,972,28,1,10434.86,0
2501,972,24,2,8428.85,0
2502,973,43,2,5409.98,0
2503,973,22,2,7423.51,5
2504,973,28,2,10434.86,0
2505,974,55,2,8917.18,0
2506,974,12,3,4331.15,0
2507,975,20,3,9089.61,20
2508,975,35,1,2998.83,0
2509,975,19,2,9582.17,5
2510,975,44,2,11459.88,15
2511,976,1,1,12008.38,0
2512,977,60,2,9163.59,15
2513,977,50,3,7293.66,0
2514,978,12,3,4331.15,0
2515,978,38,2,1525.22,5
2516,979,5,2,6591.65,0
2517,979,4,2,10523.93,0
2518,979,22,2,7423.51,0
2519,979,59,1,12800.08,0
2520,980,8,2,6236.34,0
2521,980,23,3,6127.8,0
2522,980,38,2,1525.22,0
2523,980,20,1,9089.61,5
2524,981,53,1,442.24,0
2525,981,42,2,2330.94,0
2526,982,31,2,7970.7,0
2527,982,35,2,2998.83,0
2528,983,54,2,2327.75,0
2529,983,43,3,5409.98,5
2530,983,14,3,2002.17,15
2531,984,48,3,6062.17,0
2532,984,25,1,8484.54,0
2533,984,60,3,9163.59,0
2534,984,11,2,3405.33,0
2535,985,45,3,11002.48,0
2536,986,11,2,3405.33,0
2537,986,7,2,9566.23,0
2538,986,46,2,6189.92,0
2539,987,38,2,1525.22,25
2540,987,24,3,8428.85,25
2541,987,29,3,4700.33,10
2542,987,11,3,3405.33,25
2543,988,20,2,9089.61,0
2544,988,34,3,12053.17,15
2545,989,28,3,10434.86,0
2546,989,32,1,12559.25,5
2547,990,55,3,8917.18,0
2548,990,35,2,2998.83,
2549,990,8,1,6236.34,0
2550,990,50,3,7293.66,10
2551,991,10,3,10601.46,0
2552,991,36,2,4299.63,10
2553,991,56,3,12077.06,0
2554,992,13,1,3256.25,0
2555,992,9,1,3858.09,5
2556,992,44,2,11459.88,0
2557,993,3,1,6068.9,0
2558,993,37,1,8898.85,0
2559,993,4,1,10523.93,0
2560,993,45,1,11002.48,0
2561,994,49,3,6065.27,0
2562,994,26,2,1873.58,0
2563,994,9,1,3858.09,0
2564,994,59,1,12800.08,0
2565,995,29,2,4700.33,0
2566,995,43,1,5409.98,0
2567,995,16,1,6378.95,10
2568,996,54,2,2327.75,5
2569,996,33,3,4033.43,20
2570,997,25,1,8484.54,0
2571,998,21,2,2967.61,10
2572,998,41,1,6732.86,25
2573,998,58,1,7800.24,
2574,998,14,1,2002.17,10
2575,999,41,3,6732.86,0
2576,999,17,1,7344.41,0
2577,999,44,3,11459.88,0
2578,1000,37,3,8898.85,15
2579,1001,54,1,2327.75,0
2580,1001,50,2,7293.66,0
2581,1002,49,3,6065.27,0
2582,1003,33,2,4033.43,0
2583,1004,26,1,1873.58,0
2584,1004,19,3,9582.17,5
2585,1005,2,2,6723.5,0
2586,1005,12,1,4331.15,0
2587,1005,35,1,2998.83,0
2588,1005,9,2,3858.09,15
2589,1006,45,1,11002.48,15
2590,1006,38,1,1525.22,0
2591,1006,54,2,2327.75,0
2592,1006,46,1,6189.92,15
2593,1007,10,2,10601.46,0
2594,1007,48,1,6062.17,0
2595,1007,25,1,8484.54,
2596,1007,17,3,7344.41,0
2597,1008,3,3,6068.9,0
2598,1009,29,1,4700.33,10
2599,1009,45,2,11002.48,10
2600,1009,42,3,2330.94,5
2601,1009,11,2,3405.33,5
2602,1010,2,3,6723.5,10
2603,1011,7,1,9566.23,0
2604,1012,52,3,919.12,0
2605,1013,36,2,4299.63,0
2606,1013,52,2,919.12,0
2607,1014,55,2,8917.18,
2608,1014,51,2,5784.03,0
2609,1014,60,2,9163.59,0
2610,1015,20,1,9089.61,5
2611,1015,48,1,6062.17,15
2612,1015,53,1,442.24,0
2613,1016,44,3,11459.88,0
2614,1017,37,3,8898.85,5
2615,1018,47,2,1835.04,0
2616,1018,39,3,7479.47,0
2617,1018,52,2,919.12,0
2618,1019,17,1,7344.41,20
2619,1019,2,3,6723.5,20
2620,1019,33,1,4033.43,25
2621,1019,48,1,6062.17,10
2622,1020,33,3,4033.43,0
2623,1020,28,3,10434.86,0
2624,1020,18,1,14551.4,5
2625,1021,44,1,11459.88,
2626,1021,48,1,6062.17,10
2627,1021,10,2,10601.46,0
2628,1021,56,2,12077.06,0
2629,1022,8,1,6236.34,5
2630,1023,9,3,3858.09,0
2631,1023,44,3,11459.88,0
2632,1024,20,2,9089.61,0
2633,1024,35,1,2998.83,5
2634,1024,54,3,2327.75,0
2635,1025,29,1,4700.33,25
2636,1025,6,2,6150.38,0
2637,1026,13,1,3256.25,0
2638,1027,21,3,2967.61,0
2639,1027,25,2,8484.54,5
2640,1027,37,3,8898.85,5
2641,1027,39,3,7479.47,0
2642,1028,39,2,7479.47,25
2643,1028,60,1,9163.59,15
2644,1028,50,2,7293.66,15
2645,1028,19,1,9582.17,10
2646,1029,6,3,6150.38,25
2647,1029,11,2,3405.33,0
2648,1029,40,2,9172.33,5
2649,1030,4,1,10523.93,10
2650,1031,30,1,7006.29,20
2651,1031,6,1,6150.38,15
2652,1032,28,2,10434.86,0
2653,1032,49,2,6065.27,0
2654,1032,21,2,2967.61,0
2655,1032,15,3,3426.72,0
2656,1033,1,3,12008.38,10
2657,1033,24,2,8428.85,20
2658,1034,49,3,6065.27,0
2659,1034,7,1,9566.23,0
2660,1034,48,3,6062.17,0
2661,1035,5,3,6591.65,0
2662,1035,60,2,9163.59,0
2663,1035,40,2,9172.33,0
2664,1036,3,3,6068.9,25
2665,1037,56,3,12077.06,0
2666,1037,18,2,14551.4,0
2667,1037,52,1,919.12,10
2668,1038,37,2,8898.85,0
2669,1038,51,1,5784.03,10
2670,1038,12,3,4331.15,0
2671,1039,15,3,3426.72,0
2672,1039,20,1,9089.61,0
2673,1039,22,2,7423.51,0
2674,1039,44,1,11459.88,0
2675,1040,53,1,442.24,10
2676,1041,16,2,6378.95,0
2677,1041,56,2,12077.06,5
2678,1042,4,3,10523.93,0
2679,1042,13,1,3256.25,5
2680,1042,11,2,3405.33,0
2681,1042,45,2,11002.48,0
2682,1043,57,1,2023.58,0
2683,1044,7,3,9566.23,15
2684,1044,38,3,1525.22,10
2685,1044,42,2,2330.94,25
2686,1045,34,3,12053.17,0
2687,1045,48,2,6062.17,5
2688,1045,1,3,12008.38,25
2689,1045,31,1,7970.7,10
2690,1046,17,2,7344.41,0
2691,1046,31,2,7970.7,0
2692,1046,32,1,12559.25,0
2693,1046,50,1,7293.66,0
2694,1047,1,3,12008.38,0
2695,1048,11,1,3405.33,0
2696,1048,53,3,442.24,0
2697,1049,2,1,6723.5,0
2698,1049,25,1,8484.54,0
2699,1049,52,2,919.12,0
2700,1049,29,1,4700.33,5
2701,1050,5,1,6591.65,0
2702,1050,1,3,12008.38,0
2703,1050,31,1,7970.7,0
2704,1050,60,3,9163.59,0
2705,1051,33,3,4033.43,0
2706,1051,5,1,6591.65,0
2707,1051,15,1,3426.72,5
2708,1052,45,3,11002.48,0
2709,1052,19,2,9582.17,
2710,1052,26,1,1873.58,0
2711,1052,46,2,6189.92,10
2712,1053,21,2,2967.61,0
2713,1054,58,2,7800.24,0
2714,1055,22,2,7423.51,0
2715,1056,47,2,1835.04,0
2716,1056,25,2,8484.54,20
2717,1057,30,2,7006.29,20
2718,1058,31,1,7970.7,0
2719,1058,43,1,5409.98,0
2720,1059,33,2,4033.43,5
2721,1059,55,2,8917.18,0
2722,1059,21,1,2967.61,0
2723,1060,28,3,10434.86,0
2724,1060,17,1,7344.41,0
2725,1060,9,2,3858.09,0
2726,1060,1,2,12008.38,0
2727,1061,47,3,1835.04,0
2728,1061,33,3,4033.43,0
2729,1061,54,2,2327.75,0
2730,1061,31,1,7970.7,0
2731,1062,44,1,11459.88,0
2732,1063,28,2,10434.86,0
2733,1063,17,3,7344.41,0
2734,1063,50,3,7293.66,0
2735,1063,1,2,12008.38,0
2736,1064,10,3,10601.46,0
2737,1064,55,1,8917.18,0
2738,1064,12,1,4331.15,0
2739,1065,54,1,2327.75,5
2740,1065,24,2,8428.85,25
2741,1065,42,2,2330.94,25
2742,1065,57,3,2023.58,15
2743,1066,38,1,1525.22,0
2744,1066,55,3,8917.18,10
2745,1067,28,2,10434.86,0
2746,1068,26,1,1873.58,0
2747,1069,54,3,2327.75,5
2748,1069,30,2,7006.29,15
2749,1069,12,2,4331.15,
2750,1069,17,1,7344.41,10
2751,1070,40,1,9172.33,0
2752,1070,47,3,1835.04,0
2753,1070,53,1,442.24,0
2754,1071,53,3,442.24,10
2755,1072,53,3,442.24,0
2756,1072,11,3,3405.33,0
2757,1072,30,3,7006.29,0
2758,1073,20,2,9089.61,0
2759,1073,53,1,442.24,0
2760,1073,1,1,12008.38,0
2761,1073,27,1,12507.26,0
2762,1074,57,2,2023.58,0
2763,1074,53,3,442.24,0
2764,1074,16,2,6378.95,0
2765,1075,3,3,6068.9,0
2766,1076,19,1,9582.17,0
2767,1076,22,3,7423.51,10
2768,1076,51,1,5784.03,10
2769,1077,9,1,3858.09,0
2770,1077,1,1,12008.38,25
2771,1077,52,2,919.12,0
2772,1077,35,3,2998.83,5
2773,1078,31,2,7970.7,5
2774,1079,42,2,2330.94,0
2775,1079,6,1,6150.38,5
2776,1079,37,1,8898.85,10
2777,1080,31,3,7970.7,0
2778,1080,21,1,2967.61,0
2779,1080,10,2,10601.46,
2780,1081,21,3,2967.61,15
2781,1081,56,2,12077.06,15
2782,1081,9,1,3858.09,5
2783,1082,32,2,12559.25,0
2784,1082,59,3,12800.08,0
2785,1082,38,1,1525.22,0
2786,1082,30,1,7006.29,0
2787,1083,38,2,1525.22,0
2788,1084,14,3,2002.17,0
2789,1084,57,3,2023.58,0
2790,1085,57,2,2023.58,0
2791,1086,45,2,11002.48,
2792,1086,28,3,10434.86,0
2793,1086,46,3,6189.92,0
2794,1087,48,1,6062.17,0
2795,1087,24,2,8428.85,5
2796,1087,6,2,6150.38,0
2797,1088,29,2,4700.33,0
2798,1088,12,1,4331.15,0
2799,1088,36,1,4299.63,0
2800,1089,51,1,5784.03,0
2801,1090,38,1,1525.22,10
2802,1091,48,1,6062.17,10
2803,1092,6,2,6150.38,0
2804,1092,38,2,1525.22,0
2805,1092,15,1,3426.72,0
2806,1092,25,1,8484.54,20
2807,1093,1,2,12008.38,0
2808,1093,37,2,8898.85,0
2809,1093,21,3,2967.61,5
2810,1094,19,1,9582.17,0
2811,1094,46,2,6189.92,0
2812,1094,6,1,6150.38,20
2813,1095,58,2,7800.24,0
2814,1095,59,1,12800.08,0
2815,1095,49,1,6065.27,0
2816,1095,3,1,6068.9,0
2817,1096,12,1,4331.15,0
2818,1096,20,2,9089.61,0
2819,1097,28,2,10434.86,0
2820,1097,50,1,7293.66,0
2821,1097,22,3,7423.51,0
2822,1098,18,1,14551.4,0
2823,1099,39,2,7479.47,0
2824,1100,16,1,6378.95,10
2825,1100,21,1,2967.61,20
2826,1100,50,2,7293.66,0
2827,1101,18,3,14551.4,0
2828,1101,14,2,2002.17,0
2829,1101,30,2,7006.29,20
2830,1102,57,3,2023.58,0
2831,1102,45,1,11002.48,10
2832,1102,6,1,6150.38,0
2833,1103,42,2,2330.94,0
2834,1103,54,2,2327.75,0
2835,1103,36,1,4299.63,0
2836,1103,25,3,8484.54,0
2837,1104,2,3,6723.5,0
2838,1104,53,2,442.24,0
2839,1105,33,1,4033.43,10
2840,1105,42,1,2330.94,10
2841,1105,28,3,10434.86,0
2842,1105,22,2,7423.51,15
2843,1106,37,1,8898.85,0
2844,1106,9,2,3858.09,0
2845,1106,54,3,2327.75,0
2846,1107,54,1,2327.75,0
2847,1107,4,1,10523.93,0
2848,1108,44,1,11459.88,0
2849,1109,30,3,7006.29,0
2850,1109,6,3,6150.38,0
2851,1110,57,2,2023.58,25
2852,1110,6,1,6150.38,25
2853,1111,5,2,6591.65,0
2854,1111,40,3,9172.33,0
2855,1112,43,3,5409.98,0
2856,1112,51,3,5784.03,20
2857,1112,16,1,6378.95,20
2858,1113,57,1,2023.58,15
2859,1113,42,3,2330.94,0
2860,1113,34,3,12053.17,
2861,1114,60,2,9163.59,0
2862,1115,34,2,12053.17,0
2863,1116,42,3,2330.94,5
2864,1116,56,1,12077.06,25
2865,1117,41,2,6732.86,0
2866,1117,18,3,14551.4,0
2867,1117,6,1,6150.38,0
2868,1117,5,2,6591.65,5
2869,1118,4,1,10523.93,0
2870,1118,41,2,6732.86,0
2871,1118,49,3,6065.27,0
2872,1118,52,3,919.12,0
2873,1119,12,2,4331.15,0
2874,1120,60,2,9163.59,5
2875,1121,16,1,6378.95,10
2876,1122,23,3,6127.8,0
2877,1122,15,2,3426.72,
2878,1122,45,1,11002.48,0
2879,1123,23,2,6127.8,0
2880,1124,13,2,3256.25,0
2881,1124,9,3,3858.09,25
2882,1125,59,3,12800.08,10
2883,1125,55,3,8917.18,0
2884,1125,57,2,2023.58,0
2885,1125,43,2,5409.98,0
2886,1126,13,3,3256.25,0
2887,1126,58,3,7800.24,0
2888,1127,36,1,4299.63,0
2889,1127,33,1,4033.43,0
2890,1127,30,3,7006.29,0
2891,1127,46,2,6189.92,0
2892,1128,49,2,6065.27,5
2893,1128,39,2,7479.47,20
2894,1129,51,1,5784.03,0
2895,1130,21,1,2967.61,25
2896,1130,10,3,10601.46,20
2897,1130,58,3,7800.24,0
2898,1130,41,1,6732.86,10
2899,1131,37,2,8898.85,0
2900,1132,59,1,12800.08,0
2901,1132,37,1,8898.85,10
2902,1133,7,1,9566.23,0
2903,1133,60,3,9163.59,0
2904,1133,34,1,12053.17,0
2905,1133,28,2,10434.86,0
2906,1134,31,1,7970.7,20
2907,1134,43,1,5409.98,10
2908,1135,3,3,6068.9,0
2909,1135,10,1,10601.46,0
2910,1136,47,2,1835.04,0
2911,1136,12,2,4331.15,5
2912,1136,52,3,919.12,10
2913,1137,27,2,12507.26,0
2914,1137,21,3,2967.61,0
2915,1137,5,2,6591.65,5
2916,1137,50,1,7293.66,0
2917,1138,3,3,6068.9,15
2918,1138,39,1,7479.47,0
2919,1138,53,2,442.24,25
2920,1139,4,2,10523.93,10
2921,1139,42,1,2330.94,0
2922,1139,32,3,12559.25,5
2923,1139,53,1,442.24,0
2924,1140,38,3,1525.22,0
2925,1140,25,3,8484.54,15
2926,1141,10,3,10601.46,0
2927,1142,56,3,12077.06,0
2928,1142,14,1,2002.17,0
2929,1143,49,2,6065.27,25
2930,1144,44,3,11459.88,0
2931,1145,56,2,12077.06,15
2932,1145,15,3,3426.72,5
2933,1145,6,2,6150.38,5
2934,1146,52,2,919.12,0
2935,1146,44,2,11459.88,0
2936,1146,11,2,3405.33,0
2937,1146,10,1,10601.46,0
2938,1147,29,2,4700.33,0
2939,1148,57,1,2023.58,0
2940,1148,51,2,5784.03,0
2941,1148,32,1,12559.25,0
2942,1148,52,1,919.12,0
2943,1149,53,2,442.24,5
2944,1149,36,1,4299.63,0
2945,1149,59,1,12800.08,0
2946,1149,29,3,4700.33,0
2947,1150,1,1,12008.38,0
2948,1151,10,3,10601.46,10
2949,1152,45,3,11002.48,0
2950,1152,39,1,7479.47,10
2951,1152,24,2,8428.85,0
2952,1152,15,2,3426.72,0
2953,1153,3,2,6068.9,5
2954,1153,21,1,2967.61,10
2955,1154,49,1,6065.27,0
2956,1154,22,1,7423.51,10
2957,1154,26,3,1873.58,
2958,1155,54,1,2327.75,0
2959,1155,9,1,3858.09,0
2960,1155,20,2,9089.61,5
2961,1155,35,1,2998.83,0
2962,1156,29,2,4700.33,5
2963,1157,24,1,8428.85,25
2964,1158,17,3,7344.41,10
2965,1158,47,3,1835.04,10
2966,1158,48,3,6062.17,0
2967,1158,24,2,8428.85,0
2968,1159,57,2,2023.58,0
2969,1159,21,2,2967.61,
2970,1160,48,3,6062.17,10
2971,1160,45,1,11002.48,0
2972,1161,32,3,12559.25,0
2973,1161,16,3,6378.95,25
2974,1161,14,2,2002.17,5
2975,1161,13,3,3256.25,0
2976,1162,17,3,7344.41,0
2977,1162,11,3,3405.33,0
2978,1163,2,1,6723.5,10
2979,1163,37,1,8898.85,15
2980,1164,57,2,2023.58,0
2981,1164,39,2,7479.47,0
2982,1165,13,1,3256.25,10
2983,1166,50,1,7293.66,0
2984,1166,49,1,6065.27,0
2985,1167,26,3,1873.58,0
2986,1168,16,2,6378.95,0
2987,1169,6,3,6150.38,10
2988,1169,47,3,1835.04,0
2989,1169,53,2,442.24,0
2990,1170,54,1,2327.75,0
2991,1171,41,2,6732.86,0
2992,1171,55,2,8917.18,0
2993,1171,51,3,5784.03,0
2994,1172,48,1,6062.17,25
2995,1172,37,3,8898.85,0
2996,1172,54,1,2327.75,0
2997,1172,35,1,2998.83,20
2998,1173,38,1,1525.22,5
2999,1173,17,1,7344.41,0
3000,1174,45,2,11002.48,0
3001,1175,32,2,12559.25,0
3002,1175,20,3,9089.61,0
3003,1175,12,3,4331.15,0
3004,1176,4,1,10523.93,0
3005,1176,22,3,7423.51,5
3006,1176,43,2,5409.98,0
3007,1176,35,2,2998.83,0
3008,1177,33,3,4033.43,0
3009,1177,28,3,10434.86,0
3010,1177,44,3,11459.88,0
3011,1178,37,1,8898.85,
3012,1179,44,2,11459.88,0
3013,1179,33,2,4033.43,0
3014,1179,27,1,12507.26,0
3015,1179,18,1,14551.4,10
3016,1180,19,2,9582.17,0
3017,1180,44,1,11459.88,0
3018,1181,60,1,9163.59,0
3019,1181,19,2,9582.17,5
3020,1181,1,2,12008.38,0
3021,1181,10,2,10601.46,5
3022,1182,10,1,10601.46,15
3023,1182,59,3,12800.08,0
3024,1182,14,3,2002.17,0
3025,1183,41,3,6732.86,10
3026,1183,5,1,6591.65,5
3027,1183,53,2,442.24,0
3028,1183,39,1,7479.47,15
3029,1184,37,3,8898.85,5
3030,1185,9,1,3858.09,25
3031,1186,52,2,919.12,0
3032,1187,30,1,7006.29,5
3033,1188,30,3,7006.29,0
3034,1188,24,3,8428.85,0
3035,1188,40,1,9172.33,0
3036,1188,8,1,6236.34,0
3037,1189,7,1,9566.23,0
3038,1189,37,3,8898.85,0
3039,1189,27,2,12507.26,0
3040,1190,60,3,9163.59,20
3041,1190,34,3,12053.17,5
3042,1190,14,3,2002.17,0
3043,1191,57,3,2023.58,0
3044,1191,25,3,8484.54,0
3045,1192,15,3,3426.72,0
3046,1192,42,1,2330.94,0
3047,1193,21,3,2967.61,0
3048,1193,53,3,442.24,0
3049,1193,18,2,14551.4,0
3050,1193,56,1,12077.06,0
3051,1194,53,3,442.24,0
3052,1195,23,2,6127.8,0
3053,1196,11,3,3405.33,0
3054,1196,26,1,1873.58,0
3055,1196,53,3,442.24,0
3056,1196,36,1,4299.63,0
3057,1197,41,3,6732.86,0
3058,1198,55,3,8917.18,
3059,1198,42,2,2330.94,0
3060,1198,51,3,5784.03,5
3061,1198,49,3,6065.27,10
3062,1199,15,3,3426.72,0
3063,1199,18,2,14551.4,0
3064,1200,32,3,12559.25,0
3065,1200,21,2,2967.61,10
3066,1200,30,3,7006.29,10
3067,1200,33,3,4033.43,0
3068,1201,29,3,4700.33,0
3069,1201,44,3,11459.88,0
3070,1201,58,2,7800.24,0
3071,1202,20,3,9089.61,0
3072,1203,13,1,3256.25,20
3073,1204,38,3,1525.22,5
3074,1205,23,2,6127.8,15
3075,1205,28,1,10434.86,0
3076,1205,33,2,4033.43,5
3077,1206,33,2,4033.43,0
3078,1206,43,3,5409.98,0
3079,1206,14,1,2002.17,10
3080,1206,56,3,12077.06,0
3081,1207,59,1,12800.08,0
3082,1207,46,2,6189.92,0
3083,1207,43,1,5409.98,0
3084,1208,2,2,6723.5,0
3085,1208,30,2,7006.29,0
3086,1208,59,3,12800.08,20
3087,1208,14,3,2002.17,5
3088,1209,33,3,4033.43,0
3089,1210,54,3,2327.75,0
3090,1210,18,1,14551.4,0
3091,1210,43,2,5409.98,5
3092,1211,43,1,5409.98,0
3093,1211,41,2,6732.86,0
3094,1211,16,3,6378.95,0
3095,1212,27,3,12507.26,0
3096,1212,25,2,8484.54,0
3097,1213,18,1,14551.4,0
3098,1213,12,3,4331.15,0
3099,1214,28,3,10434.86,20
3100,1214,36,3,4299.63,10
3101,1214,15,2,3426.72,10
3102,1214,58,1,7800.24,15
3103,1215,9,1,3858.09,0
3104,1215,56,1,12077.06,0
3105,1215,52,3,919.12,0
3106,1216,23,3,6127.8,0
3107,1216,38,2,1525.22,0
3108,1216,49,1,6065.27,
3109,1217,47,2,1835.04,0
3110,1218,37,1,8898.85,10
3111,1218,1,3,12008.38,0
3112,1219,10,2,10601.46,0
3113,1219,23,2,6127.8,0
3114,1220,19,2,9582.17,5
3115,1220,16,3,6378.95,0
3116,1220,29,1,4700.33,10
3117,1221,6,2,6150.38,5
3118,1221,5,1,6591.65,25
3119,1221,17,2,7344.41,25
3120,1222,22,2,7423.51,0
3121,1222,49,1,6065.27,10
3122,1223,24,3,8428.85,
3123,1224,33,3,4033.43,15
3124,1224,28,1,10434.86,5
3125,1225,3,1,6068.9,0
3126,1225,7,1,9566.23,0
3127,1225,21,1,2967.61,5
3128,1225,5,1,6591.65,0
3129,1226,4,1,10523.93,0
3130,1226,24,1,8428.85,0
3131,1227,37,2,8898.85,20
3132,1227,7,1,9566.23,0
3133,1228,22,2,7423.51,15
3134,1228,9,2,3858.09,0
3135,1228,14,2,2002.17,15
3136,1229,16,3,6378.95,0
3137,1229,28,3,10434.86,15
3138,1229,49,2,6065.27,0
3139,1230,26,2,1873.58,20
3140,1230,24,2,8428.85,0
3141,1230,53,3,442.24,0
3142,1230,22,2,7423.51,0
3143,1231,57,2,2023.58,15
3144,1231,29,2,4700.33,25
3145,1231,50,3,7293.66,10
3146,1232,32,2,12559.25,20
3147,1232,60,3,9163.59,0
3148,1232,38,3,1525.22,0
3149,1232,10,3,10601.46,25
3150,1233,27,3,12507.26,0
3151,1234,27,3,12507.26,10
3152,1235,2,1,6723.5,0
3153,1236,7,2,9566.23,0
3154,1237,25,1,8484.54,5
3155,1237,47,2,1835.04,0
3156,1238,21,3,2967.61,15
3157,1238,42,2,2330.94,10
3158,1239,1,3,12008.38,0
3159,1239,14,3,2002.17,10
3160,1239,26,2,1873.58,0
3161,1240,27,1,12507.26,10
3162,1241,51,3,5784.03,0
3163,1241,50,1,7293.66,10
3164,1241,37,2,8898.85,20
3165,1242,19,3,9582.17,5
3166,1243,59,2,12800.08,0
3167,1243,35,3,2998.83,0
3168,1243,6,1,6150.38,0
3169,1244,55,1,8917.18,0
3170,1244,27,3,12507.26,0
3171,1244,60,1,9163.59,5
3172,1244,8,3,6236.34,0
3173,1245,13,3,3256.25,25
3174,1245,5,3,6591.65,5
3175,1245,28,2,10434.86,5
3176,1246,38,1,1525.22,20
3177,1247,19,2,9582.17,0
3178,1248,28,2,10434.86,20
3179,1248,31,1,7970.7,5
3180,1249,43,3,5409.98,0
3181,1250,5,2,6591.65,0
3182,1251,5,1,6591.65,0
3183,1251,27,3,12507.26,0
3184,1251,36,1,4299.63,10
3185,1251,17,3,7344.41,0
3186,1252,34,2,12053.17,0
3187,1252,59,3,12800.08,0
3188,1252,23,2,6127.8,10
3189,1253,24,1,8428.85,5
3190,1253,50,2,7293.66,15
3191,1253,33,1,4033.43,5
3192,1254,8,3,6236.34,0
3193,1254,54,1,2327.75,0
3194,1254,15,3,3426.72,0
3195,1255,35,2,2998.83,
3196,1255,39,2,7479.47,0
3197,1255,4,1,10523.93,5
3198,1255,44,1,11459.88,0
3199,1256,31,3,7970.7,0
3200,1256,21,1,2967.61,0
3201,1256,56,3,12077.06,0
3202,1257,46,2,6189.92,0
3203,1258,11,1,3405.33,
3204,1258,50,2,7293.66,0
3205,1259,39,1,7479.47,5
3206,1260,59,2,12800.08,15
3207,1260,56,1,12077.06,0
3208,1260,46,3,6189.92,20
3209,1261,36,3,4299.63,0
3210,1261,3,1,6068.9,0
3211,1262,44,3,11459.88,0
3212,1263,17,3,7344.41,15
3213,1263,60,2,9163.59,0
3214,1263,59,2,12800.08,10
3215,1263,58,3,7800.24,20
3216,1264,23,2,6127.8,5
3217,1264,58,2,7800.24,20
3218,1264,10,2,10601.46,0
3219,1265,6,2,6150.38,25
3220,1265,60,2,9163.59,5
3221,1265,15,1,3426.72,20
3222,1265,27,1,12507.26,0
3223,1266,21,3,2967.61,0
3224,1266,52,3,919.12,10
3225,1267,6,3,6150.38,0
3226,1267,30,2,7006.29,0
3227,1267,46,2,6189.92,0
3228,1268,37,2,8898.85,5
3229,1268,52,1,919.12,0
3230,1268,25,3,8484.54,0
3231,1268,1,1,12008.38,0
3232,1269,3,2,6068.9,0
3233,1269,18,3,14551.4,0
3234,1270,39,2,7479.47,20
3235,1270,9,1,3858.09,0
3236,1271,31,2,7970.7,10
3237,1271,55,1,8917.18,5
3238,1272,1,1,12008.38,5
3239,1272,12,1,4331.15,0
3240,1272,10,3,10601.46,0
3241,1273,28,2,10434.86,0
3242,1273,7,1,9566.23,15
3243,1273,25,3,8484.54,20
3244,1274,51,1,5784.03,0
3245,1274,50,2,7293.66,0
3246,1274,23,3,6127.8,0
3247,1275,29,3,4700.33,0
3248,1275,1,1,12008.38,0
3249,1276,28,3,10434.86,0
3250,1276,27,3,12507.26,5
3251,1276,46,3,6189.92,25
3252,1276,22,3,7423.51,25
3253,1277,31,2,7970.7,0
3254,1277,41,2,6732.86,10
3255,1277,36,2,4299.63,15
3256,1277,44,1,11459.88,0
3257,1278,15,2,3426.72,5
3258,1278,59,3,12800.08,15
3259,1278,32,1,12559.25,25
3260,1278,6,3,6150.38,10
3261,1279,39,2,7479.47,10
3262,1279,43,3,5409.98,5
3263,1279,41,2,6732.86,25
3264,1280,7,3,9566.23,0
3265,1281,19,2,9582.17,5
3266,1281,12,2,4331.15,0
3267,1281,28,1,10434.86,0
3268,1281,29,3,4700.33,0
3269,1282,33,2,4033.43,0
3270,1282,19,1,9582.17,0
3271,1282,38,2,1525.22,10
3272,1282,28,3,10434.86,0
3273,1283,56,2,12077.06,0
3274,1284,45,2,11002.48,0
3275,1284,2,1,6723.5,15
3276,1284,40,3,9172.33,5
3277,1285,36,2,4299.63,0
3278,1285,55,3,8917.18,0
3279,1285,45,1,11002.48,0
3280,1285,60,2,9163.59,0
3281,1286,6,1,6150.38,10
3282,1286,19,3,9582.17,0
3283,1287,1,3,12008.38,
3284,1287,26,1,1873.58,0
3285,1287,13,1,3256.25,5
3286,1287,27,3,12507.26,0
3287,1288,50,2,7293.66,0
3288,1288,56,2,12077.06,5
3289,1288,35,3,2998.83,0
3290,1289,25,3,8484.54,0
3291,1289,1,3,12008.38,25
3292,1290,8,2,6236.34,0
3293,1291,53,1,442.24,15
3294,1292,35,3,2998.83,0
3295,1293,4,1,10523.93,10
3296,1294,13,3,3256.25,0
3297,1294,34,2,12053.17,0
3298,1294,41,1,6732.86,5
3299,1295,8,1,6236.34,5
3300,1295,32,2,12559.25,0
3301,1295,54,2,2327.75,0
3302,1295,53,3,442.24,0
3303,1296,34,2,12053.17,10
3304,1296,60,2,9163.59,0
3305,1296,25,3,8484.54,0
3306,1297,47,2,1835.04,0
3307,1298,28,2,10434.86,10
3308,1298,21,3,2967.61,0
3309,1298,29,2,4700.33,20
3310,1299,22,2,7423.51,0
3311,1299,36,1,4299.63,
3312,1299,3,3,6068.9,10
3313,1299,5,2,6591.65,20
3314,1300,5,1,6591.65,25
3315,1300,41,2,6732.86,
3316,1300,24,3,8428.85,10
3317,1301,9,3,3858.09,0
3318,1301,57,2,2023.58,5
3319,1301,47,3,1835.04,15
3320,1301,54,3,2327.75,25
3321,1302,29,1,4700.33,10
3322,1303,32,2,12559.25,0
3323,1303,14,3,2002.17,20
3324,1303,57,3,2023.58,0
3325,1304,7,2,9566.23,20
3326,1304,25,1,8484.54,0
3327,1304,24,1,8428.85,
3328,1304,46,3,6189.92,0
3329,1305,13,1,3256.25,0
3330,1305,50,2,7293.66,0
3331,1305,30,1,7006.29,0
3332,1306,49,3,6065.27,5
3333,1307,26,2,1873.58,25
3334,1308,43,3,5409.98,0
3335,1308,17,1,7344.41,0
3336,1309,39,3,7479.47,0
3337,1310,41,1,6732.86,5
3338,1310,25,2,8484.54,0
3339,1310,55,2,8917.18,0
3340,1310,19,3,9582.17,10
3341,1311,47,1,1835.04,5
3342,1311,32,3,12559.25,10
3343,1312,21,2,2967.61,10
3344,1313,57,1,2023.58,20
3345,1314,52,1,919.12,0
3346,1314,1,3,12008.38,0
3347,1315,52,1,919.12,10
3348,1316,40,2,9172.33,0
3349,1316,44,2,11459.88,0
3350,1317,33,1,4033.43,0
3351,1318,50,2,7293.66,0
3352,1318,30,3,7006.29,0
3353,1318,58,1,7800.24,10
3354,1319,1,1,12008.38,0
3355,1319,56,1,12077.06,25
3356,1320,31,3,7970.7,5
3357,1320,27,2,12507.26,0
3358,1321,43,2,5409.98,0
3359,1321,34,3,12053.17,10
3360,1322,12,3,4331.15,0
3361,1322,38,3,1525.22,0
3362,1322,11,3,3405.33,0
3363,1322,28,2,10434.86,0
3364,1323,30,1,7006.29,0
3365,1324,10,2,10601.46,10
3366,1324,28,2,10434.86,0
3367,1324,21,1,2967.61,0
3368,1324,39,2,7479.47,20
3369,1325,38,2,1525.22,0
3370,1325,56,2,12077.06,5
3371,1326,50,2,7293.66,0
3372,1326,3,1,6068.9,0
3373,1326,1,2,12008.38,0
3374,1327,38,2,1525.22,10
3375,1327,13,1,3256.25,10
3376,1328,10,2,10601.46,0
3377,1328,12,3,4331.15,0
3378,1328,11,1,3405.33,10
3379,1329,58,1,7800.24,25
3380,1329,25,1,8484.54,15
3381,1330,52,2,919.12,0
3382,1331,17,1,7344.41,0
3383,1331,4,2,10523.93,0
3384,1331,47,1,1835.04,0
3385,1331,25,3,8484.54,0
3386,1332,33,3,4033.43,0
3387,1332,13,3,3256.25,0
3388,1332,51,2,5784.03,0
3389,1333,10,2,10601.46,0
3390,1333,2,3,6723.5,0
3391,1334,43,1,5409.98,0
3392,1334,54,3,2327.75,25
3393,1335,52,3,919.12,15
3394,1335,4,1,10523.93,10
3395,1335,24,1,8428.85,0
3396,1336,59,3,12800.08,15
3397,1336,48,3,6062.17,25
3398,1337,8,2,6236.34,5
3399,1337,23,1,6127.8,15
3400,1337,3,1,6068.9,20
3401,1338,53,2,442.24,5
3402,1338,15,1,3426.72,0
3403,1339,53,1,442.24,0
3404,1339,17,3,7344.41,10
3405,1339,10,3,10601.46,0
3406,1339,36,2,4299.63,0
3407,1340,52,3,919.12,5
3408,1341,21,2,2967.61,5
3409,1341,49,1,6065.27,0
3410,1341,44,2,11459.88,0
3411,1342,24,2,8428.85,0
3412,1342,28,2,10434.86,10
3413,1342,47,3,1835.04,0
3414,1342,49,2,6065.27,0
3415,1343,39,1,7479.47,0
3416,1344,4,3,10523.93,0
3417,1344,20,1,9089.61,0
3418,1344,22,2,7423.51,0
3419,1344,3,1,6068.9,0
3420,1345,20,3,9089.61,10
3421,1346,3,3,6068.9,0
3422,1346,55,1,8917.18,0
3423,1346,44,2,11459.88,0
3424,1347,38,1,1525.22,0
3425,1347,2,3,6723.5,0
3426,1347,48,2,6062.17,0
3427,1348,43,3,5409.98,0
3428,1348,38,2,1525.22,5
3429,1349,52,3,919.12,20
3430,1349,5,3,6591.65,5
3431,1349,59,2,12800.08,25
3432,1350,51,3,5784.03,20
3433,1351,32,3,12559.25,0
3434,1351,1,1,12008.38,15
3435,1351,29,1,4700.33,0
3436,1351,42,3,2330.94,25
3437,1352,48,1,6062.17,25
3438,1352,20,2,9089.61,5
3439,1353,44,2,11459.88,0
3440,1353,23,1,6127.8,0
3441,1353,20,3,9089.61,5
3442,1353,41,2,6732.86,5
3443,1354,1,1,12008.38,25
3444,1354,7,3,9566.23,0
3445,1355,54,3,2327.75,0
3446,1355,1,2,12008.38,0
3447,1355,16,3,6378.95,20
3448,1355,35,1,2998.83,5
3449,1356,31,1,7970.7,15
3450,1357,7,2,9566.23,5
3451,1357,12,3,4331.15,0
3452,1357,14,3,2002.17,0
3453,1358,23,2,6127.8,10
3454,1358,22,3,7423.51,10
3455,1358,25,2,8484.54,15
3456,1358,53,1,442.24,0
3457,1359,24,1,8428.85,0
3458,1360,11,3,3405.33,0
3459,1361,20,2,9089.61,20
3460,1362,52,3,919.12,5
3461,1363,35,2,2998.83,15
3462,1363,48,2,6062.17,25
3463,1363,27,3,12507.26,0
3464,1363,14,3,2002.17,
3465,1364,26,2,1873.58,10
3466,1364,47,1,1835.04,0
3467,1365,25,2,8484.54,15
3468,1366,6,1,6150.38,15
3469,1367,29,3,4700.33,10
3470,1368,54,3,2327.75,25
3471,1368,37,1,8898.85,10
3472,1368,31,2,7970.7,20
3473,1369,36,1,4299.63,0
3474,1370,27,1,12507.26,20
3475,1370,56,2,12077.06,0
3476,1370,16,2,6378.95,25
3477,1371,6,3,6150.38,0
3478,1372,45,3,11002.48,0
3479,1372,4,2,10523.93,0
3480,1373,15,1,3426.72,25
3481,1373,52,2,919.12,5
3482,1373,45,1,11002.48,25
3483,1373,13,1,3256.25,10
3484,1374,33,3,4033.43,0
3485,1374,15,1,3426.72,0
3486,1374,22,3,7423.51,0
3487,1375,7,3,9566.23,0
3488,1375,29,1,4700.33,0
3489,1375,52,2,919.12,0
3490,1376,46,1,6189.92,0
3491,1376,13,3,3256.25,0
3492,1377,21,3,2967.61,20
3493,1377,15,3,3426.72,0
3494,1377,7,1,9566.23,0
3495,1378,41,3,6732.86,0
3496,1378,18,1,14551.4,0
3497,1379,27,1,12507.26,0
3498,1380,31,2,7970.7,0
3499,1381,42,1,2330.94,0
3500,1381,11,3,3405.33,5
3501,1382,21,2,2967.61,0
3502,1382,20,3,9089.61,0
3503,1382,58,3,7800.24,0
3504,1382,1,3,12008.38,0
3505,1383,29,1,4700.33,0
3506,1383,27,3,12507.26,10
3507,1383,23,2,6127.8,10
3508,1384,58,2,7800.24,0
3509,1385,33,2,4033.43,0
3510,1386,21,1,2967.61,0
3511,1386,25,1,8484.54,5
3512,1387,39,1,7479.47,0
3513,1387,12,2,4331.15,5
3514,1387,50,3,7293.66,0
3515,1387,11,3,3405.33,5
3516,1388,19,3,9582.17,0
3517,1388,1,1,12008.38,0
3518,1389,17,3,7344.41,20
3519,1389,14,2,2002.17,0
3520,1390,47,1,1835.04,0
3521,1390,36,2,4299.63,0
3522,1391,49,3,6065.27,0
3523,1391,55,2,8917.18,0
3524,1392,19,2,9582.17,20
3525,1392,21,3,2967.61,5
3526,1392,14,3,2002.17,0
3527,1392,39,3,7479.47,0
3528,1393,43,3,5409.98,
3529,1393,25,3,8484.54,5
3530,1393,34,2,12053.17,5
3531,1393,28,3,10434.86,5
3532,1394,51,2,5784.03,0
3533,1394,46,2,6189.92,0
3534,1394,60,3,9163.59,0
3535,1395,32,1,12559.25,0
3536,1395,43,2,5409.98,0
3537,1395,19,2,9582.17,0
3538,1395,17,2,7344.41,0
3539,1396,32,3,12559.25,0
3540,1396,22,1,7423.51,0
3541,1397,58,2,7800.24,0
3542,1397,22,3,7423.51,0
3543,1398,56,3,12077.06,0
3544,1398,54,3,2327.75,0
3545,1398,20,3,9089.61,0
3546,1398,33,1,4033.43,0
3547,1399,2,2,6723.5,0
3548,1400,49,2,6065.27,20
3549,1401,25,1,8484.54,0
3550,1401,21,2,2967.61,0
3551,1402,48,1,6062.17,0
3552,1402,46,2,6189.92,5
3553,1402,16,1,6378.95,0
3554,1402,15,2,3426.72,0
3555,1403,57,3,2023.58,0
3556,1403,9,3,3858.09,0
3557,1403,25,3,8484.54,0
3558,1403,16,2,6378.95,0
3559,1404,19,1,9582.17,10
3560,1404,54,2,2327.75,0
3561,1405,27,2,12507.26,0
3562,1405,36,2,4299.63,0
3563,1405,31,2,7970.7,10
3564,1405,19,1,9582.17,0
3565,1406,37,2,8898.85,0
3566,1407,22,3,7423.51,0
3567,1407,16,2,6378.95,0
3568,1407,34,3,12053.17,10
3569,1408,56,2,12077.06,25
3570,1409,38,1,1525.22,25
3571,1409,49,3,6065.27,0
3572,1409,43,1,5409.98,15
3573,1410,26,2,1873.58,0
3574,1410,28,3,10434.86,0
3575,1410,5,3,6591.65,
3576,1411,36,3,4299.63,10
3577,1411,57,3,2023.58,
3578,1411,10,3,10601.46,0
3579,1411,46,1,6189.92,0
3580,1412,32,2,12559.25,20
3581,1412,28,3,10434.86,10
3582,1413,57,1,2023.58,15
3583,1413,6,1,6150.38,25
3584,1414,11,1,3405.33,15
3585,1414,17,2,7344.41,10
3586,1414,30,1,7006.29,0
3587,1415,27,2,12507.26,5
3588,1415,20,2,9089.61,
3589,1415,60,2,9163.59,0
3590,1415,56,2,12077.06,0
3591,1416,41,3,6732.86,25
3592,1416,11,1,3405.33,0
3593,1416,45,3,11002.48,5
3594,1417,25,1,8484.54,0
3595,1418,36,3,4299.63,5
3596,1419,17,2,7344.41,10
3597,1419,9,3,3858.09,0
3598,1420,10,1,10601.46,0
3599,1420,31,1,7970.7,0
3600,1420,58,3,7800.24,0
3601,1421,13,1,3256.25,25
3602,1422,24,2,8428.85,0
3603,1422,40,3,9172.33,0
3604,1422,36,2,4299.63,0
3605,1422,20,1,9089.61,0
3606,1423,40,1,9172.33,5
3607,1423,55,3,8917.18,5
3608,1423,58,3,7800.24,20
3609,1423,39,1,7479.47,25
3610,1424,26,3,1873.58,0
3611,1425,42,3,2330.94,0
3612,1425,51,1,5784.03,0
3613,1426,1,1,12008.38,0
3614,1427,36,1,4299.63,5
3615,1427,41,3,6732.86,0
3616,1428,17,1,7344.41,10
3617,1428,52,3,919.12,0
3618,1429,59,1,12800.08,5
3619,1429,41,1,6732.86,20
3620,1430,45,2,11002.48,0
3621,1430,39,3,7479.47,0
3622,1430,22,2,7423.51,0
3623,1430,3,1,6068.9,10
3624,1431,33,3,4033.43,0
3625,1431,36,2,4299.63,0
3626,1432,14,2,2002.17,0
3627,1433,36,3,4299.63,0
3628,1433,25,1,8484.54,0
3629,1434,49,3,6065.27,15
3630,1435,38,2,1525.22,0
3631,1436,9,3,3858.09,10
3632,1436,36,3,4299.63,10
3633,1436,16,3,6378.95,5
3634,1436,38,2,1525.22,0
3635,1437,25,2,8484.54,0
3636,1437,45,3,11002.48,0
3637,1437,43,1,5409.98,0
3638,1438,34,2,12053.17,0
3639,1439,44,3,11459.88,
3640,1439,54,2,2327.75,0
3641,1439,28,1,10434.86,0
3642,1440,22,1,7423.51,0
3643,1440,10,3,10601.46,10
3644,1440,6,3,6150.38,0
3645,1440,15,2,3426.72,5
3646,1441,28,3,10434.86,0
3647,1441,29,2,4700.33,10
3648,1442,50,3,7293.66,0
3649,1442,42,2,2330.94,0
3650,1442,28,1,10434.86,0
3651,1443,26,1,1873.58,0
3652,1444,10,3,10601.46,25
3653,1444,9,2,3858.09,5
3654,1444,34,3,12053.17,0
3655,1445,18,2,14551.4,5
3656,1446,24,2,8428.85,0
3657,1446,51,2,5784.03,0
3658,1447,58,2,7800.24,0
3659,1447,26,2,1873.58,0
3660,1448,26,3,1873.58,5
3661,1448,60,1,9163.59,0
3662,1449,48,2,6062.17,0
3663,1449,3,3,6068.9,10
3664,1449,11,3,3405.33,15
3665,1450,27,2,12507.26,0
3666,1450,17,3,7344.41,0
3667,1451,6,1,6150.38,0
3668,1451,43,2,5409.98,0
3669,1451,51,3,5784.03,0
3670,1452,22,2,7423.51,0
3671,1452,14,1,2002.17,15
3672,1453,25,2,8484.54,10
3673,1453,50,3,7293.66,0
3674,1453,21,1,2967.61,0
3675,1454,7,1,9566.23,0
3676,1454,22,2,7423.51,0
3677,1454,56,1,12077.06,0
3678,1454,27,3,12507.26,0
3679,1455,8,2,6236.34,0
3680,1455,4,3,10523.93,0
3681,1455,43,1,5409.98,0
3682,1455,22,3,7423.51,0
3683,1456,26,2,1873.58,10
3684,1456,17,2,7344.41,0
3685,1456,7,2,9566.23,0
3686,1457,54,2,2327.75,0
3687,1458,26,2,1873.58,0
3688,1458,3,1,6068.9,0
3689,1458,10,3,10601.46,0
3690,1458,51,3,5784.03,
3691,1459,41,3,6732.86,10
3692,1459,46,1,6189.92,15
3693,1459,7,1,9566.23,10
3694,1459,17,2,7344.41,20
3695,1460,7,3,9566.23,0
3696,1460,2,2,6723.5,0
3697,1460,5,2,6591.65,0
3698,1460,30,3,7006.29,10
3699,1461,26,1,1873.58,0
3700,1462,29,2,4700.33,10
3701,1462,26,3,1873.58,0
3702,1462,44,1,11459.88,20
3703,1462,16,3,6378.95,15
3704,1463,49,1,6065.27,0
3705,1464,40,2,9172.33,0
3706,1464,15,3,3426.72,0
3707,1464,28,1,10434.86,0
3708,1465,43,2,5409.98,0
3709,1466,33,1,4033.43,0
3710,1467,46,3,6189.92,25
3711,1467,50,1,7293.66,0
3712,1467,52,1,919.12,10
3713,1468,38,3,1525.22,10
3714,1469,17,1,7344.41,0
3715,1469,41,2,6732.86,0
3716,1469,18,3,14551.4,10
3717,1469,25,2,8484.54,0
3718,1470,14,1,2002.17,0
3719,1471,35,2,2998.83,0
3720,1472,17,1,7344.41,0
3721,1473,11,1,3405.33,20
3722,1473,35,2,2998.83,5
3723,1473,14,3,2002.17,0
3724,1473,59,1,12800.08,0
3725,1474,45,2,11002.48,10
3726,1474,54,3,2327.75,0
3727,1474,5,2,6591.65,10
3728,1474,41,1,6732.86,5
3729,1475,40,3,9172.33,5
3730,1475,28,3,10434.86,0
3731,1475,30,2,7006.29,0
3732,1476,20,3,9089.61,0
3733,1476,9,1,3858.09,5
3734,1477,35,2,2998.83,0
3735,1477,10,2,10601.46,0
3736,1477,38,1,1525.22,0
3737,1477,26,1,1873.58,0
3738,1478,8,3,6236.34,0
3739,1478,28,3,10434.86,25
3740,1479,13,1,3256.25,0
3741,1479,44,2,11459.88,0
3742,1479,54,2,2327.75,0
3743,1480,2,2,6723.5,5
3744,1481,24,3,8428.85,0
3745,1481,33,2,4033.43,0
3746,1481,41,2,6732.86,10
3747,1482,27,2,12507.26,10
3748,1482,33,3,4033.43,0
3749,1482,29,2,4700.33,0
3750,1483,14,3,2002.17,20
3751,1483,16,3,6378.95,
3752,1483,29,2,4700.33,15
3753,1484,44,3,11459.88,0
3754,1484,41,1,6732.86,0
3755,1484,43,3,5409.98,0
3756,1484,54,3,2327.75,0
3757,1485,56,3,12077.06,0
3758,1485,22,1,7423.51,0
3759,1485,8,2,6236.34,0
3760,1486,55,1,8917.18,20
3761,1487,52,1,919.12,10
3762,1487,31,2,7970.7,0
3763,1487,27,2,12507.26,0
3764,1488,44,3,11459.88,5
3765,1488,37,3,8898.85,0
3766,1488,14,2,2002.17,0
3767,1488,19,2,9582.17,10
3768,1489,5,2,6591.65,20
3769,1489,14,2,2002.17,15
3770,1489,34,3,12053.17,25
3771,1489,9,2,3858.09,10
3772,1490,4,2,10523.93,10
3773,1491,19,1,9582.17,0
3774,1491,13,3,3256.25,0
3775,1492,54,3,2327.75,0
3776,1493,42,2,2330.94,10
3777,1493,9,1,3858.09,15
3778,1493,13,3,3256.25,10
3779,1494,19,1,9582.17,25
3780,1494,35,3,2998.83,0
3781,1494,31,2,7970.7,
3782,1495,9,3,3858.09,0
3783,1495,24,3,8428.85,0
3784,1495,22,1,7423.51,25
3785,1496,3,3,6068.9,20
3786,1496,58,3,7800.24,0
3787,1496,6,2,6150.38,20
3788,1496,40,3,9172.33,5
3789,1497,12,2,4331.15,5
3790,1497,37,1,8898.85,10
3791,1497,53,3,442.24,
3792,1497,8,1,6236.34,0
3793,1498,10,1,10601.46,0
3794,1499,18,2,14551.4,10
3795,1499,34,2,12053.17,5
3796,1499,32,2,12559.25,0
3797,1499,40,1,9172.33,0
3798,1500,48,1,6062.17,15
3799,1500,35,2,2998.83,10
3800,1500,60,1,9163.59,5
3801,1501,15,2,3426.72,0
3802,1501,9,3,3858.09,0
3803,1502,37,2,8898.85,0
3804,1503,8,3,6236.34,0
3805,1504,54,2,2327.75,0
3806,1505,59,3,12800.08,0
3807,1505,21,3,2967.61,
3808,1505,52,2,919.12,0
3809,1506,20,3,9089.61,0
3810,1506,36,2,4299.63,0
3811,1507,42,1,2330.94,0
3812,1507,37,2,8898.85,15
3813,1507,51,3,5784.03,15
3814,1508,39,1,7479.47,0
3815,1508,56,3,12077.06,0
3816,1509,40,2,9172.33,0
3817,1509,59,1,12800.08,25
3818,1510,37,1,8898.85,15
3819,1511,26,1,1873.58,0
3820,1511,25,1,8484.54,0
3821,1512,60,3,9163.59,20
3822,1512,54,3,2327.75,20
3823,1512,41,1,6732.86,5
3824,1513,57,2,2023.58,5
3825,1514,52,3,919.12,0
3826,1514,20,3,9089.61,0
3827,1514,11,2,3405.33,0
3828,1514,37,2,8898.85,0
3829,1515,48,2,6062.17,0
3830,1515,20,1,9089.61,5
3831,1516,54,1,2327.75,20
3832,1516,30,3,7006.29,0
3833,1516,27,1,12507.26,0
3834,1517,47,2,1835.04,0
3835,1517,46,3,6189.92,10
3836,1518,18,3,14551.4,0
3837,1519,36,3,4299.63,5
3838,1519,45,2,11002.48,0
3839,1519,15,3,3426.72,0
3840,1519,22,1,7423.51,0
3841,1520,60,1,9163.59,0
3842,1520,17,1,7344.41,0
3843,1520,2,2,6723.5,0
3844,1520,41,1,6732.86,0
3845,1521,24,3,8428.85,10
3846,1522,22,2,7423.51,0
3847,1522,26,1,1873.58,0
3848,1522,20,2,9089.61,0
3849,1523,58,3,7800.24,0
3850,1523,2,1,6723.5,0
3851,1523,23,3,6127.8,15
3852,1524,12,2,4331.15,
3853,1524,33,2,4033.43,10
3854,1525,58,1,7800.24,10
3855,1525,46,2,6189.92,10
3856,1525,28,3,10434.86,20
3857,1526,30,1,7006.29,0
3858,1526,57,3,2023.58,5
3859,1526,5,2,6591.65,0
3860,1526,20,1,9089.61,0
3861,1527,3,3,6068.9,5
3862,1527,18,1,14551.4,0
3863,1528,60,3,9163.59,0
3864,1528,27,2,12507.26,0
3865,1528,39,1,7479.47,0
3866,1529,11,1,3405.33,0
3867,1529,53,1,442.24,0
3868,1529,1,2,12008.38,25
3869,1529,47,3,1835.04,5
3870,1530,7,3,9566.23,0
3871,1530,42,1,2330.94,0
3872,1530,17,3,7344.41,10
3873,1531,56,1,12077.06,10
3874,1532,53,1,442.24,20
3875,1532,26,1,1873.58,5
3876,1532,14,3,2002.17,0
3877,1533,31,2,7970.7,0
3878,1533,51,1,5784.03,0
3879,1533,16,2,6378.95,10
3880,1533,2,3,6723.5,0
3881,1534,53,2,442.24,5
3882,1534,19,3,9582.17,0
3883,1534,22,3,7423.51,0
3884,1535,9,1,3858.09,0
3885,1535,20,1,9089.61,0
3886,1535,25,1,8484.54,5
3887,1535,7,2,9566.23,0
3888,1536,7,2,9566.23,0
3889,1536,29,2,4700.33,0
3890,1536,37,3,8898.85,0
3891,1537,10,1,10601.46,5
3892,1537,29,1,4700.33,0
3893,1537,50,1,7293.66,0
3894,1538,43,3,5409.98,10
3895,1539,22,1,7423.51,0
3896,1540,50,3,7293.66,10
3897,1540,18,2,14551.4,20
3898,1540,32,3,12559.25,0
3899,1541,45,2,11002.48,0
3900,1541,36,2,4299.63,0
3901,1541,10,2,10601.46,5
3902,1542,25,1,8484.54,0
3903,1542,44,3,11459.88,0
3904,1543,30,3,7006.29,0
3905,1543,60,1,9163.59,0
3906,1543,51,3,5784.03,10
3907,1544,57,3,2023.58,10
3908,1544,20,1,9089.61,5
3909,1545,55,3,8917.18,5
3910,1546,11,3,3405.33,0
3911,1546,21,2,2967.61,10
3912,1547,30,3,7006.29,0
3913,1547,7,1,9566.23,0
3914,1547,19,2,9582.17,0
3915,1547,43,1,5409.98,0
3916,1548,47,2,1835.04,0
3917,1548,18,3,14551.4,0
3918,1548,2,1,6723.5,0
3919,1548,15,1,3426.72,0
3920,1549,20,1,9089.61,0
3921,1549,5,2,6591.65,0
3922,1549,1,3,12008.38,0
3923,1549,54,2,2327.75,0
3924,1550,42,2,2330.94,5
3925,1550,22,2,7423.51,15
3926,1550,19,3,9582.17,25
3927,1550,27,3,12507.26,25
3928,1551,30,1,7006.29,5
3929,1552,29,3,4700.33,0
3930,1553,29,1,4700.33,0
3931,1554,11,2,3405.33,0
3932,1555,29,3,4700.33,0
3933,1555,18,3,14551.4,0
3934,1555,15,1,3426.72,0
3935,1555,43,2,5409.98,0
3936,1556,57,2,2023.58,0
3937,1557,46,1,6189.92,10
3938,1557,8,3,6236.34,0
3939,1557,48,3,6062.17,0
3940,1557,40,2,9172.33,0
3941,1558,55,2,8917.18,0
3942,1558,22,2,7423.51,0
3943,1558,43,1,5409.98,0
3944,1558,16,2,6378.95,0
3945,1559,60,3,9163.59,5
3946,1559,3,2,6068.9,0
3947,1559,28,3,10434.86,5
3948,1559,1,2,12008.38,0
3949,1560,20,2,9089.61,10
3950,1560,26,3,1873.58,0
3951,1560,14,1,2002.17,0
3952,1560,53,3,442.24,0
3953,1561,26,3,1873.58,0
3954,1561,48,2,6062.17,5
3955,1561,38,1,1525.22,5
3956,1561,10,1,10601.46,0
3957,1562,5,2,6591.65,0
3958,1562,55,1,8917.18,5
3959,1562,38,1,1525.22,25
3960,1562,30,3,7006.29,0
3961,1563,31,1,7970.7,0
3962,1563,9,1,3858.09,0
3963,1563,13,2,3256.25,0
3964,1563,44,2,11459.88,0
3965,1564,9,3,3858.09,5
3966,1564,5,1,6591.65,0
3967,1565,5,1,6591.65,0
3968,1565,41,3,6732.86,0
3969,1565,46,2,6189.92,0
3970,1565,15,3,3426.72,0
3971,1566,10,3,10601.46,0
3972,1566,15,1,3426.72,0
3973,1567,52,3,919.12,0
3974,1567,30,3,7006.29,0
3975,1567,59,1,12800.08,0
3976,1567,7,2,9566.23,0
3977,1568,52,3,919.12,0
3978,1568,59,1,12800.08,0
3979,1569,28,3,10434.86,15
3980,1570,39,3,7479.47,0
3981,1570,44,1,11459.88,0
3982,1570,43,3,5409.98,10
3983,1571,25,3,8484.54,0
3984,1571,16,1,6378.95,0
3985,1571,30,3,7006.29,0
3986,1572,30,1,7006.29,0
3987,1572,50,3,7293.66,15
3988,1572,15,3,3426.72,0
3989,1572,47,3,1835.04,5
3990,1573,14,1,2002.17,0
3991,1574,36,1,4299.63,5
3992,1574,19,2,9582.17,0
3993,1574,47,3,1835.04,0
3994,1575,33,1,4033.43,10
3995,1575,30,3,7006.29,0
3996,1576,49,1,6065.27,
3997,1576,59,3,12800.08,0
3998,1576,19,2,9582.17,10
3999,1577,32,3,12559.25,0
4000,1577,40,3,9172.33,0
4001,1578,24,3,8428.85,15
4002,1579,57,1,2023.58,5
4003,1579,12,1,4331.15,
4004,1579,14,1,2002.17,0
4005,1579,45,3,11002.48,20
4006,1580,55,3,8917.18,5
4007,1580,36,2,4299.63,0
4008,1581,17,1,7344.41,0
4009,1582,2,2,6723.5,0
4010,1583,32,3,12559.25,0
4011,1584,23,2,6127.8,0
4012,1585,46,3,6189.92,0
4013,1585,22,3,7423.51,0
4014,1586,41,3,6732.86,0
4015,1586,20,2,9089.61,0
4016,1586,16,3,6378.95,0
4017,1586,23,1,6127.8,10
4018,1587,54,3,2327.75,0
4019,1587,12,1,4331.15,0
4020,1587,30,3,7006.29,
4021,1587,29,2,4700.33,0
4022,1588,8,1,6236.34,0
4023,1588,54,1,2327.75,0
4024,1588,35,3,2998.83,0
4025,1588,28,2,10434.86,0
4026,1589,21,1,2967.61,0
4027,1589,29,3,4700.33,0
4028,1589,32,3,12559.25,0
4029,1589,39,2,7479.47,0
4030,1590,6,3,6150.38,15
4031,1591,57,1,2023.58,5
4032,1592,1,2,12008.38,5
4033,1593,1,2,12008.38,0
4034,1593,44,1,11459.88,0
4035,1594,30,3,7006.29,5
4036,1594,7,1,9566.23,20
4037,1595,33,3,4033.43,25
4038,1595,24,3,8428.85,0
4039,1596,46,1,6189.92,0
4040,1597,51,2,5784.03,0
4041,1597,18,1,14551.4,0
4042,1597,21,1,2967.61,0
4043,1598,20,3,9089.61,10
4044,1598,50,3,7293.66,0
4045,1599,41,2,6732.86,0
4046,1599,46,3,6189.92,0
4047,1599,56,2,12077.06,0
4048,1600,25,1,8484.54,0
4049,1601,42,2,2330.94,5
4050,1601,43,1,5409.98,5
4051,1601,7,1,9566.23,10
4052,1601,52,3,919.12,5
4053,1602,9,3,3858.09,5
4054,1602,36,1,4299.63,0
4055,1602,22,1,7423.51,10
4056,1603,40,1,9172.33,5
4057,1603,29,2,4700.33,0
4058,1603,10,3,10601.46,0
4059,1604,45,1,11002.48,5
4060,1604,29,1,4700.33,15
4061,1604,3,2,6068.9,20
4062,1605,60,2,9163.59,
4063,1605,43,2,5409.98,20
4064,1606,59,2,12800.08,15
4065,1606,35,3,2998.83,5
4066,1607,38,3,1525.22,
4067,1607,22,2,7423.51,0
4068,1607,4,3,10523.93,0
4069,1608,37,3,8898.85,5
4070,1608,47,1,1835.04,20
4071,1609,12,1,4331.15,10
4072,1610,50,1,7293.66,0
4073,1610,39,2,7479.47,0
4074,1610,3,1,6068.9,0
4075,1610,28,2,10434.86,0
4076,1611,25,3,8484.54,0
4077,1612,48,2,6062.17,0
4078,1613,31,2,7970.7,5
4079,1614,29,2,4700.33,25
4080,1614,48,3,6062.17,20
4081,1614,18,3,14551.4,5
4082,1614,12,3,4331.15,0
4083,1615,37,3,8898.85,25
4084,1615,36,1,4299.63,0
4085,1615,4,3,10523.93,5
4086,1615,58,2,7800.24,15
4087,1616,29,2,4700.33,0
4088,1616,36,2,4299.63,5
4089,1617,30,1,7006.29,0
4090,1617,50,3,7293.66,0
4091,1617,56,3,12077.06,0
4092,1617,4,1,10523.93,0
4093,1618,46,2,6189.92,
4094,1619,3,3,6068.9,10
4095,1619,22,3,7423.51,15
4096,1619,25,3,8484.54,0
4097,1619,47,3,1835.04,5
4098,1620,16,2,6378.95,0
4099,1620,24,3,8428.85,10
4100,1620,44,3,11459.88,0
4101,1621,32,2,12559.25,5
4102,1621,56,1,12077.06,15
4103,1621,58,1,7800.24,25
4104,1621,7,3,9566.23,20
4105,1622,43,1,5409.98,
4106,1623,36,2,4299.63,10
4107,1623,48,3,6062.17,0
4108,1623,24,3,8428.85,0
4109,1623,2,1,6723.5,5
4110,1624,58,3,7800.24,15
4111,1624,40,3,9172.33,25
4112,1624,51,2,5784.03,0
4113,1625,43,2,5409.98,5
4114,1625,42,1,2330.94,0
4115,1625,11,2,3405.33,5
4116,1626,51,2,5784.03,5
4117,1626,28,2,10434.86,10
4118,1626,49,1,6065.27,0
4119,1626,26,1,1873.58,0
4120,1627,38,2,1525.22,0
4121,1627,40,3,9172.33,10
4122,1627,3,2,6068.9,0
4123,1628,24,3,8428.85,0
4124,1628,49,1,6065.27,5
4125,1628,16,3,6378.95,0
4126,1629,58,3,7800.24,10
4127,1629,33,2,4033.43,0
4128,1629,40,1,9172.33,20
4129,1629,36,1,4299.63,0
4130,1630,10,1,10601.46,20
4131,1630,43,1,5409.98,15
4132,1631,59,1,12800.08,0
4133,1631,51,2,5784.03,0
4134,1631,36,3,4299.63,0
4135,1631,56,2,12077.06,0
4136,1632,44,2,11459.88,0
4137,1632,31,2,7970.7,0
4138,1632,51,2,5784.03,0
4139,1633,40,3,9172.33,0
4140,1633,59,2,12800.08,0
4141,1633,33,3,4033.43,0
4142,1633,34,2,12053.17,0
4143,1634,47,2,1835.04,0
4144,1634,60,3,9163.59,20
4145,1635,25,1,8484.54,15
4146,1635,58,3,7800.24,15
4147,1635,16,1,6378.95,15
4148,1636,9,2,3858.09,10
4149,1636,46,2,6189.92,0
4150,1636,45,1,11002.48,5
4151,1636,59,1,12800.08,0
4152,1637,44,1,11459.88,10
4153,1637,12,2,4331.15,0
4154,1637,52,1,919.12,5
4155,1637,57,3,2023.58,25
4156,1638,58,2,7800.24,0
4157,1639,25,1,8484.54,0
4158,1639,15,3,3426.72,0
4159,1639,23,1,6127.8,0
4160,1639,28,1,10434.86,0
4161,1640,54,3,2327.75,0
4162,1640,40,3,9172.33,0
4163,1640,18,3,14551.4,0
4164,1641,43,3,5409.98,20
4165,1642,59,3,12800.08,0
4166,1642,2,2,6723.5,0
4167,1643,12,1,4331.15,0
4168,1643,31,3,7970.7,0
4169,1643,10,3,10601.46,0
4170,1644,53,2,442.24,0
4171,1644,15,1,3426.72,0
4172,1645,4,2,10523.93,0
4173,1646,48,1,6062.17,0
4174,1646,41,2,6732.86,0
4175,1647,22,3,7423.51,0
4176,1647,19,1,9582.17,0
4177,1648,7,1,9566.23,0
4178,1648,27,3,12507.26,0
4179,1648,31,3,7970.7,0
4180,1649,20,3,9089.61,0
4181,1650,14,1,2002.17,0
4182,1650,12,3,4331.15,0
4183,1651,43,1,5409.98,0
4184,1652,27,3,12507.26,15
4185,1652,18,1,14551.4,5
4186,1653,16,2,6378.95,10
4187,1654,21,1,2967.61,5
4188,1655,54,1,2327.75,10
4189,1655,52,3,919.12,0
4190,1655,13,2,3256.25,0
4191,1656,23,3,6127.8,15
4192,1656,32,2,12559.25,10
4193,1656,22,2,7423.51,5
4194,1657,58,1,7800.24,0
4195,1657,5,3,6591.65,0
4196,1657,36,1,4299.63,0
4197,1658,26,1,1873.58,0
4198,1659,21,3,2967.61,10
4199,1659,10,2,10601.46,0
4200,1659,4,3,10523.93,0
4201,1660,44,3,11459.88,0
4202,1660,55,2,8917.18,5
4203,1660,16,2,6378.95,0
4204,1661,12,3,4331.15,0
4205,1662,38,2,1525.22,0
4206,1662,37,1,8898.85,0
4207,1662,4,1,10523.93,0
4208,1663,14,2,2002.17,0
4209,1664,45,1,11002.48,10
4210,1664,12,1,4331.15,5
4211,1664,58,1,7800.24,0
4212,1664,30,3,7006.29,10
4213,1665,11,1,3405.33,25
4214,1666,11,3,3405.33,25
4215,1666,13,1,3256.25,10
4216,1666,8,2,6236.34,0
4217,1667,57,3,2023.58,0
4218,1667,56,1,12077.06,10
4219,1667,41,3,6732.86,5
4220,1667,26,2,1873.58,15
4221,1668,2,2,6723.5,0
4222,1668,49,1,6065.27,10
4223,1669,23,1,6127.8,0
4224,1669,46,3,6189.92,0
4225,1670,6,2,6150.38,0
4226,1671,56,1,12077.06,0
4227,1671,50,2,7293.66,0
4228,1671,14,2,2002.17,0
4229,1671,4,3,10523.93,5
4230,1672,34,2,12053.17,0
4231,1672,53,3,442.24,10
4232,1672,1,1,12008.38,0
4233,1673,19,1,9582.17,0
4234,1673,57,2,2023.58,5
4235,1673,45,2,11002.48,25
4236,1673,35,2,2998.83,0
4237,1674,21,2,2967.61,0
4238,1674,56,2,12077.06,0
4239,1674,8,1,6236.34,0
4240,1675,26,1,1873.58,0
4241,1675,57,1,2023.58,0
4242,1676,27,3,12507.26,20
4243,1676,58,1,7800.24,20
4244,1676,52,2,919.12,10
4245,1676,18,2,14551.4,5
4246,1677,48,1,6062.17,0
4247,1678,58,2,7800.24,5
4248,1678,5,2,6591.65,25
4249,1678,27,2,12507.26,10
4250,1678,35,3,2998.83,0
4251,1679,25,2,8484.54,15
4252,1679,33,1,4033.43,15
4253,1680,44,1,11459.88,0
4254,1680,27,1,12507.26,0
4255,1680,51,1,5784.03,0
4256,1681,59,3,12800.08,0
4257,1681,18,3,14551.4,0
4258,1681,44,1,11459.88,0
4259,1681,9,3,3858.09,0
4260,1682,27,1,12507.26,0
4261,1683,16,2,6378.95,20
4262,1684,60,3,9163.59,10
4263,1684,37,2,8898.85,25
4264,1684,22,2,7423.51,15
4265,1684,46,1,6189.92,0
4266,1685,31,1,7970.7,0
4267,1685,22,3,7423.51,0
4268,1686,45,2,11002.48,0
4269,1686,49,3,6065.27,0
4270,1686,21,1,2967.61,0
4271,1687,4,2,10523.93,0
4272,1688,29,1,4700.33,0
4273,1688,26,3,1873.58,15
4274,1688,5,2,6591.65,10
4275,1689,41,2,6732.86,0
4276,1689,14,3,2002.17,0
4277,1690,27,3,12507.26,20
4278,1690,57,1,2023.58,25
4279,1691,3,1,6068.9,0
4280,1691,44,2,11459.88,0
4281,1691,57,2,2023.58,10
4282,1691,34,2,12053.17,0
4283,1692,4,2,10523.93,15
4284,1692,49,2,6065.27,25
4285,1693,32,3,12559.25,0
4286,1693,47,2,1835.04,0
4287,1694,16,1,6378.95,0
4288,1694,12,3,4331.15,0
4289,1694,22,1,7423.51,0
4290,1695,43,3,5409.98,0
4291,1695,26,1,1873.58,0
4292,1695,27,2,12507.26,0
4293,1695,47,2,1835.04,0
4294,1696,54,3,2327.75,5
4295,1697,34,3,12053.17,0
4296,1698,32,3,12559.25,0
4297,1699,44,3,11459.88,20
4298,1699,45,3,11002.48,20
4299,1700,52,2,919.12,0
4300,1700,22,1,7423.51,0
4301,1700,26,3,1873.58,10
4302,1701,13,1,3256.25,10
4303,1702,55,2,8917.18,0
4304,1702,48,2,6062.17,
4305,1703,50,2,7293.66,10
4306,1703,49,1,6065.27,0
4307,1703,3,2,6068.9,0
4308,1704,4,1,10523.93,0
4309,1705,28,1,10434.86,0
4310,1705,15,1,3426.72,0
4311,1705,14,1,2002.17,0
4312,1705,17,2,7344.41,0
4313,1706,53,1,442.24,25
4314,1706,50,3,7293.66,5
4315,1706,47,2,1835.04,10
4316,1706,45,1,11002.48,0
4317,1707,26,2,1873.58,0
4318,1707,41,3,6732.86,0
4319,1707,50,1,7293.66,0
4320,1708,31,3,7970.7,5
4321,1709,20,2,9089.61,0
4322,1709,47,1,1835.04,0
4323,1709,54,2,2327.75,0
4324,1710,42,2,2330.94,0
4325,1710,39,3,7479.47,0
4326,1711,59,1,12800.08,5
4327,1711,44,3,11459.88,25
4328,1711,34,2,12053.17,0
4329,1711,56,3,12077.06,
4330,1712,26,2,1873.58,20
4331,1713,16,1,6378.95,10
4332,1713,10,1,10601.46,0
4333,1713,36,2,4299.63,20
4334,1713,38,3,1525.22,10
4335,1714,40,1,9172.33,0
4336,1714,22,3,7423.51,0
4337,1714,59,3,12800.08,0
4338,1715,4,1,10523.93,0
4339,1716,15,1,3426.72,0
4340,1716,44,1,11459.88,0
4341,1716,48,3,6062.17,0
4342,1716,11,3,3405.33,0
4343,1717,39,3,7479.47,0
4344,1718,60,3,9163.59,0
4345,1718,49,2,6065.27,0
4346,1718,29,3,4700.33,0
4347,1719,39,2,7479.47,0
4348,1720,1,1,12008.38,0
4349,1721,35,3,2998.83,0
4350,1721,29,3,4700.33,0
4351,1722,23,2,6127.8,25
4352,1722,59,3,12800.08,20
4353,1722,6,2,6150.38,25
4354,1722,36,3,4299.63,10
4355,1723,3,3,6068.9,0
4356,1723,33,3,4033.43,0
4357,1724,23,2,6127.8,0
4358,1724,17,1,7344.41,0
4359,1725,34,2,12053.17,0
4360,1726,38,2,1525.22,20
4361,1726,52,3,919.12,5
4362,1726,4,1,10523.93,15
4363,1727,45,3,11002.48,0
4364,1727,21,3,2967.61,0
4365,1727,23,2,6127.8,5
4366,1727,36,2,4299.63,10
4367,1728,33,1,4033.43,0
4368,1728,21,2,2967.61,0
4369,1729,12,2,4331.15,25
4370,1730,39,3,7479.47,10
4371,1731,8,1,6236.34,0
4372,1731,37,3,8898.85,0
4373,1731,7,3,9566.23,0
4374,1732,39,3,7479.47,0
4375,1732,55,2,8917.18,5
4376,1733,5,1,6591.65,15
4377,1733,49,1,6065.27,0
4378,1734,25,1,8484.54,0
4379,1734,10,3,10601.46,0
4380,1734,46,1,6189.92,0
4381,1735,25,1,8484.54,0
4382,1736,4,3,10523.93,0
4383,1736,54,1,2327.75,0
4384,1736,42,1,2330.94,10
4385,1736,5,3,6591.65,0
4386,1737,15,3,3426.72,0
4387,1737,8,3,6236.34,0
4388,1738,41,1,6732.86,0
4389,1738,7,2,9566.23,0
4390,1738,37,1,8898.85,0
4391,1738,49,1,6065.27,0
4392,1739,17,3,7344.41,0
4393,1740,18,2,14551.4,15
4394,1740,28,2,10434.86,15
4395,1741,45,2,11002.48,0
4396,1741,30,3,7006.29,0
4397,1742,10,3,10601.46,25
4398,1742,39,3,7479.47,20
4399,1742,18,1,14551.4,0
4400,1743,13,2,3256.25,10
4401,1743,3,2,6068.9,0
4402,1743,7,3,9566.23,0
4403,1744,39,1,7479.47,20
4404,1744,52,3,919.12,
4405,1745,52,2,919.12,10
4406,1745,26,2,1873.58,0
4407,1745,57,1,2023.58,15
4408,1746,21,1,2967.61,0
4409,1746,10,1,10601.46,10
4410,1747,57,2,2023.58,10
4411,1747,5,1,6591.65,5
4412,1747,29,1,4700.33,15
4413,1747,12,1,4331.15,25
4414,1748,1,3,12008.38,0
4415,1749,59,1,12800.08,0
4416,1749,45,2,11002.48,0
4417,1749,42,1,2330.94,0
4418,1750,45,1,11002.48,0
4419,1750,56,3,12077.06,5
4420,1751,33,1,4033.43,0
4421,1752,23,1,6127.8,0
4422,1752,30,2,7006.29,0
4423,1752,34,2,12053.17,15
4424,1752,50,3,7293.66,20
4425,1753,9,1,3858.09,20
4426,1753,41,3,6732.86,10
4427,1754,15,2,3426.72,0
4428,1754,36,2,4299.63,0
4429,1754,48,2,6062.17,0
4430,1755,6,1,6150.38,5
4431,1755,47,2,1835.04,0
4432,1755,43,1,5409.98,0
4433,1755,9,1,3858.09,0
4434,1756,17,1,7344.41,
4435,1757,38,2,1525.22,0
4436,1757,51,2,5784.03,0
4437,1758,52,1,919.12,10
4438,1759,54,3,2327.75,0
4439,1759,40,3,9172.33,0
4440,1759,30,3,7006.29,0
4441,1759,2,3,6723.5,0
4442,1760,33,1,4033.43,0
4443,1760,26,2,1873.58,0
4444,1760,4,2,10523.93,0
4445,1760,46,1,6189.92,0
4446,1761,11,2,3405.33,0
4447,1761,12,2,4331.15,10
4448,1762,52,2,919.12,20
4449,1762,26,2,1873.58,20
4450,1763,44,3,11459.88,5
4451,1764,8,3,6236.34,25
4452,1764,38,3,1525.22,0
4453,1765,13,3,3256.25,20
4454,1765,55,3,8917.18,0
4455,1766,15,2,3426.72,0
4456,1766,7,3,9566.23,0
4457,1766,12,1,4331.15,0
4458,1767,17,2,7344.41,0
4459,1767,12,3,4331.15,5
4460,1768,45,3,11002.48,15
4461,1769,11,1,3405.33,0
4462,1769,5,1,6591.65,0
4463,1769,40,1,9172.33,20
4464,1770,24,1,8428.85,0
4465,1770,51,2,5784.03,0
4466,1771,36,1,4299.63,0
4467,1772,44,1,11459.88,5
4468,1773,20,3,9089.61,15
4469,1773,34,1,12053.17,0
4470,1773,1,1,12008.38,25
4471,1774,53,3,442.24,0
4472,1774,30,1,7006.29,20
4473,1774,46,3,6189.92,0
4474,1775,29,1,4700.33,0
4475,1775,12,2,4331.15,0
4476,1775,3,3,6068.9,0
4477,1775,38,2,1525.22,0
4478,1776,7,3,9566.23,10
4479,1776,43,2,5409.98,5
4480,1776,55,2,8917.18,25
4481,1776,49,2,6065.27,0
4482,1777,33,2,4033.43,0
4483,1777,22,3,7423.51,0
4484,1777,27,1,12507.26,0
4485,1777,36,2,4299.63,0
4486,1778,55,1,8917.18,0
4487,1778,27,2,12507.26,0
4488,1779,48,2,6062.17,0
4489,1779,22,3,7423.51,0
4490,1779,34,1,12053.17,0
4491,1780,59,2,12800.08,10
4492,1780,17,2,7344.41,0
4493,1780,56,3,12077.06,0
4494,1780,21,3,2967.61,0
4495,1781,57,2,2023.58,5
4496,1781,2,2,6723.5,15
4497,1781,16,1,6378.95,25
4498,1782,16,2,6378.95,0
4499,1783,31,1,7970.7,0
4500,1784,14,1,2002.17,10
4501,1784,12,3,4331.15,25
4502,1784,52,3,919.12,10
4503,1784,46,2,6189.92,20
4504,1785,16,1,6378.95,0
4505,1786,51,2,5784.03,0
4506,1786,4,1,10523.93,10
4507,1787,8,3,6236.34,0
4508,1787,26,3,1873.58,0
4509,1787,20,1,9089.61,0
4510,1788,29,3,4700.33,15
4511,1788,56,2,12077.06,0
4512,1788,42,2,2330.94,20
4513,1789,49,3,6065.27,0
4514,1789,31,3,7970.7,0
4515,1789,4,2,10523.93,0
4516,1789,6,3,6150.38,5
4517,1790,44,1,11459.88,25
4518,1790,7,2,9566.23,0
4519,1790,45,2,11002.48,5
4520,1791,53,2,442.24,20
4521,1792,34,1,12053.17,15
4522,1792,47,2,1835.04,0
4523,1792,18,3,14551.4,15
4524,1792,33,3,4033.43,10
4525,1793,36,2,4299.63,0
4526,1793,56,2,12077.06,0
4527,1793,53,3,442.24,0
4528,1793,33,2,4033.43,0
4529,1794,48,2,6062.17,
4530,1794,38,3,1525.22,0
4531,1794,14,1,2002.17,15
4532,1795,39,1,7479.47,25
4533,1795,43,1,5409.98,0
4534,1796,39,1,7479.47,0
4535,1796,42,1,2330.94,0
4536,1796,38,1,1525.22,0
4537,1796,8,2,6236.34,0
4538,1797,13,1,3256.25,0
4539,1797,6,3,6150.38,0
4540,1798,51,1,5784.03,10
4541,1799,29,1,4700.33,25
4542,1799,49,1,6065.27,15
4543,1799,53,2,442.24,5
4544,1800,49,2,6065.27,0
4545,1800,33,1,4033.43,10
4546,1801,22,1,7423.51,0
4547,1802,55,2,8917.18,
4548,1802,20,3,9089.61,0
4549,1802,17,3,7344.41,15
4550,1803,27,2,12507.26,0
4551,1803,46,2,6189.92,0
4552,1803,19,3,9582.17,0
4553,1804,55,3,8917.18,0
4554,1805,41,2,6732.86,0
4555,1805,32,1,12559.25,0
4556,1805,60,2,9163.59,0
4557,1805,18,1,14551.4,0
4558,1806,56,2,12077.06,20
4559,1806,22,2,7423.51,0
4560,1806,58,2,7800.24,25
4561,1807,24,2,8428.85,0
4562,1807,38,3,1525.22,0
4563,1807,15,1,3426.72,0
4564,1808,26,1,1873.58,0
4565,1808,24,1,8428.85,0
4566,1808,13,1,3256.25,10
4567,1808,52,2,919.12,0
4568,1809,52,1,919.12,20
4569,1809,12,2,4331.15,5
4570,1809,8,3,6236.34,5
4571,1809,28,3,10434.86,5
4572,1810,31,3,7970.7,0
4573,1811,38,3,1525.22,0
4574,1811,15,3,3426.72,25
4575,1811,26,3,1873.58,0
4576,1811,36,1,4299.63,10
4577,1812,24,1,8428.85,15
4578,1813,46,1,6189.92,0
4579,1813,14,1,2002.17,0
4580,1814,42,1,2330.94,15
4581,1814,5,2,6591.65,20
4582,1815,57,3,2023.58,0
4583,1815,54,1,2327.75,0
4584,1815,52,2,919.12,0
4585,1816,55,1,8917.18,0
4586,1816,2,3,6723.5,0
4587,1816,17,3,7344.41,5
4588,1817,18,2,14551.4,0
4589,1817,40,2,9172.33,0
4590,1817,37,3,8898.85,0
4591,1818,26,1,1873.58,0
4592,1818,20,1,9089.61,0
4593,1818,42,2,2330.94,0
4594,1818,10,3,10601.46,0
4595,1819,37,3,8898.85,0
4596,1819,51,1,5784.03,25
4597,1820,15,1,3426.72,0
4598,1820,32,3,12559.25,15
4599,1821,4,2,10523.93,0
4600,1821,60,2,9163.59,0
4601,1822,33,1,4033.43,10
4602,1822,25,2,8484.54,0
4603,1822,36,3,4299.63,20
4604,1822,44,1,11459.88,15
4605,1823,52,1,919.12,0
4606,1823,17,2,7344.41,0
4607,1823,12,1,4331.15,25
4608,1824,52,3,919.12,5
4609,1825,41,1,6732.86,0
4610,1826,46,3,6189.92,0
4611,1826,14,1,2002.17,0
4612,1826,12,1,4331.15,0
4613,1826,55,3,8917.18,0
